{
  "P": 19066.30000000002,
  "U": 14922.635000000002,
  "I": 13953.032
}