{
  "P": 19125.000000000022,
  "U": 15228.220000000001,
  "I": 13982.71
}