{
  "P": 18753.600000000013,
  "U": 14183.601999999997,
  "I": 13753.394
}