{
  "P": 19370.00000000003,
  "U": 15880.040000000003,
  "I": 14132.274
}