{
  "P": 19132.900000000023,
  "U": 15236.670000000002,
  "I": 13987.18
}