{
  "P": 18670.00000000001,
  "U": 14076.930999999997,
  "I": 13700.852
}