{
  "P": 19011.70000000002,
  "U": 14625.082999999999,
  "I": 13924.009
}