{
  "P": 18237.800000000003,
  "U": 13583.117999999997,
  "I": 13490.442
}