{
  "P": 19419.40000000003,
  "U": 15952.488000000001,
  "I": 14168.925
}