{
  "P": 18707.000000000015,
  "U": 14100.045999999997,
  "I": 13722.541
}