{
  "P": 18985.600000000017,
  "U": 14538.198999999997,
  "I": 13907.182
}