{
  "P": 18775.70000000001,
  "U": 14198.622999999998,
  "I": 13765.332
}