{
  "P": 19125.60000000002,
  "U": 15230.979000000001,
  "I": 13982.891
}