{
  "P": 19442.30000000003,
  "U": 15970.298000000003,
  "I": 14177.238
}