{
  "P": 18948.300000000014,
  "U": 14410.175999999998,
  "I": 13884.137
}