{
  "P": 19006.20000000002,
  "U": 14613.467999999999,
  "I": 13920.231
}