{
  "P": 18655.60000000001,
  "U": 14004.701999999997,
  "I": 13689.885
}