{
  "P": 18299.700000000004,
  "U": 13651.850999999997,
  "I": 13533.059
}