{
  "P": 19242.400000000027,
  "U": 15519.902000000004,
  "I": 14045.655
}