{
  "P": 19349.400000000027,
  "U": 15867.509000000002,
  "I": 14119.34
}