{
  "P": 18613.700000000004,
  "U": 13921.788999999997,
  "I": 13666.614
}