{
  "P": 18570.600000000002,
  "U": 13859.378999999995,
  "I": 13645.212
}