{
  "P": 18675.70000000001,
  "U": 14077.354999999998,
  "I": 13701.736
}