{
  "P": 18335.800000000003,
  "U": 13702.511999999997,
  "I": 13556.699
}