{
  "P": 19410.40000000003,
  "U": 15937.991000000002,
  "I": 14156.095
}