{
  "P": 19068.80000000002,
  "U": 14993.962000000001,
  "I": 13953.222
}