{
  "P": 19125.000000000022,
  "U": 15230.482000000002,
  "I": 13982.71
}