{
  "P": 18640.90000000001,
  "U": 13992.760999999997,
  "I": 13680.522
}