{
  "P": 19083.60000000002,
  "U": 15094.366000000002,
  "I": 13959.374
}