{
  "P": 19428.500000000033,
  "U": 15952.205000000002,
  "I": 14168.034
}