{
  "P": 19273.70000000003,
  "U": 15624.917000000005,
  "I": 14064.718
}