{
  "P": 18507.300000000003,
  "U": 13715.151999999998,
  "I": 13598.175
}