{
  "P": 18664.80000000001,
  "U": 14068.665999999997,
  "I": 13695.532
}