{
  "P": 18247.700000000004,
  "U": 13583.910999999998,
  "I": 13495.641
}