{
  "P": 18972.300000000017,
  "U": 14515.861999999996,
  "I": 13898.817
}