{
  "P": 18622.700000000004,
  "U": 13927.847999999996,
  "I": 13671.764
}