{
  "P": 19442.400000000027,
  "U": 15970.298000000003,
  "I": 14177.238
}