{
  "P": 19358.50000000003,
  "U": 15874.425000000001,
  "I": 14125.992
}