{
  "P": 19144.000000000022,
  "U": 15282.543000000001,
  "I": 13995.661
}