{
  "P": 18680.60000000001,
  "U": 14083.266999999996,
  "I": 13706.041
}