{
  "P": 19208.30000000003,
  "U": 15411.348000000002,
  "I": 14027.252
}