{
  "P": 18161.600000000002,
  "U": 13547.917999999996,
  "I": 13433.166
}