{
  "P": 19143.100000000024,
  "U": 15248.849000000002,
  "I": 13995.415
}