{
  "P": 19390.600000000028,
  "U": 15891.742000000002,
  "I": 14147.547
}