{
  "P": 19349.400000000027,
  "U": 15870.769000000002,
  "I": 14132.559
}