{
  "P": 18310.100000000002,
  "U": 13698.173999999997,
  "I": 13536.906
}