{
  "P": 18723.300000000014,
  "U": 14116.540999999997,
  "I": 13735.018
}