{
  "P": 19279.40000000003,
  "U": 15807.492000000004,
  "I": 14067.525
}