{
  "P": 18641.700000000008,
  "U": 13993.247999999996,
  "I": 13681.399
}