{
  "P": 19329.700000000026,
  "U": 15856.617000000002,
  "I": 14101.767
}