{
  "P": 18985.600000000017,
  "U": 14532.557999999997,
  "I": 13907.081
}