{
  "P": 18664.500000000007,
  "U": 14010.409999999996,
  "I": 13695.532
}