{
  "P": 18501.800000000003,
  "U": 13709.721999999998,
  "I": 13595.144
}