{
  "P": 18296.200000000004,
  "U": 13647.151999999998,
  "I": 13531.485
}