{
  "P": 19214.700000000026,
  "U": 15433.503000000002,
  "I": 14027.754
}