{
  "P": 19433.40000000003,
  "U": 15956.131000000003,
  "I": 14170.844
}