{
  "P": 18639.90000000001,
  "U": 13942.019999999997,
  "I": 13680.376
}