{
  "P": 18248.900000000005,
  "U": 13585.807999999997,
  "I": 13495.844
}