{
  "P": 18532.600000000002,
  "U": 13826.025999999996,
  "I": 13619.667
}