{
  "P": 19025.80000000002,
  "U": 14732.293000000001,
  "I": 13930.241
}