{
  "P": 19610.400000000034,
  "U": 16008.698000000002,
  "I": 14211.575
}