{
  "P": 19274.20000000003,
  "U": 15725.214000000004,
  "I": 14064.718
}