{
  "P": 19210.200000000026,
  "U": 15412.133000000002,
  "I": 14027.453
}