{
  "P": 18986.800000000017,
  "U": 14567.121999999998,
  "I": 13907.558
}