{
  "P": 18787.20000000001,
  "U": 14198.622999999998,
  "I": 13777.884
}