{
  "P": 18638.500000000007,
  "U": 13941.287999999997,
  "I": 13680.112
}