{
  "P": 19275.70000000003,
  "U": 15798.828000000003,
  "I": 14065.336
}