{
  "P": 18606.300000000003,
  "U": 13885.697999999999,
  "I": 13672.154
}