{
  "P": 19257.50000000003,
  "U": 15595.560000000003,
  "I": 14056.396
}