{
  "P": 18332.100000000002,
  "U": 13699.281999999997,
  "I": 13554.528
}