{
  "P": 19008.00000000002,
  "U": 14617.904999999999,
  "I": 13922.6
}