{
  "P": 19348.500000000025,
  "U": 15860.863000000001,
  "I": 14119.299
}