{
  "P": 19027.90000000002,
  "U": 14735.916000000001,
  "I": 13931.078
}