{
  "P": 19174.800000000025,
  "U": 15366.999000000002,
  "I": 14007.954
}