{
  "P": 18933.700000000015,
  "U": 14355.665999999997,
  "I": 13872.423
}