{
  "P": 19324.900000000027,
  "U": 15852.048000000003,
  "I": 14098.25
}