{
  "P": 19429.40000000003,
  "U": 15952.344000000003,
  "I": 14168.797
}