{
  "P": 18290.600000000002,
  "U": 13642.800999999998,
  "I": 13529.513
}