{
  "P": 18209.900000000005,
  "U": 13574.295999999997,
  "I": 13471.697
}