{
  "P": 18664.80000000001,
  "U": 14053.691999999997,
  "I": 13695.532
}