{
  "P": 18507.300000000003,
  "U": 13710.770999999997,
  "I": 13598.175
}