{
  "P": 18984.900000000016,
  "U": 14532.557999999997,
  "I": 13907.081
}