{
  "P": 18532.600000000002,
  "U": 13786.436999999996,
  "I": 13616.633
}