{
  "P": 18109.700000000004,
  "U": 13535.415999999997,
  "I": 13392.333
}