{
  "P": 19233.100000000024,
  "U": 15453.813000000004,
  "I": 14040.981
}