{
  "P": 18999.400000000016,
  "U": 14604.431999999999,
  "I": 13916.881
}