{
  "P": 18112.600000000002,
  "U": 13537.750999999997,
  "I": 13395.245
}