{
  "P": 19081.700000000023,
  "U": 15021.623000000001,
  "I": 13959.25
}