{
  "P": 19470.800000000032,
  "U": 15993.149000000003,
  "I": 14194.282
}