{
  "P": 19185.400000000027,
  "U": 15402.198000000002,
  "I": 14012.118
}