{
  "P": 18557.300000000003,
  "U": 13799.091999999997,
  "I": 13636.472
}