{
  "P": 19143.100000000024,
  "U": 15248.292000000001,
  "I": 13995.415
}