{
  "P": 19038.60000000002,
  "U": 14752.884000000002,
  "I": 13937.417
}