{
  "P": 18662.200000000008,
  "U": 14006.964999999997,
  "I": 13695.532
}