{
  "P": 18522.000000000004,
  "U": 13716.242999999997,
  "I": 13610.42
}