{
  "P": 19275.70000000003,
  "U": 15800.669000000002,
  "I": 14065.336
}