{
  "P": 19246.600000000028,
  "U": 15523.984000000002,
  "I": 14051.022
}