{
  "P": 18332.300000000003,
  "U": 13702.496999999998,
  "I": 13554.577
}