{
  "P": 18090.000000000004,
  "U": 13531.818999999996,
  "I": 13375.297
}