{
  "P": 19390.600000000028,
  "U": 15890.914000000002,
  "I": 14147.547
}