{
  "P": 19457.20000000003,
  "U": 15972.353000000001,
  "I": 14186.926
}