{
  "P": 18704.800000000014,
  "U": 14095.084999999997,
  "I": 13721.862
}