{
  "P": 19251.30000000003,
  "U": 15587.144000000004,
  "I": 14052.16
}