{
  "P": 19132.100000000024,
  "U": 15236.428000000002,
  "I": 13986.44
}