{
  "P": 18995.200000000015,
  "U": 14567.233999999999,
  "I": 13914.982
}