{
  "P": 19226.700000000026,
  "U": 15455.343000000003,
  "I": 14048.23
}