{
  "P": 19230.500000000025,
  "U": 15458.430000000002,
  "I": 14041.143
}