{
  "P": 19055.60000000002,
  "U": 14830.872000000001,
  "I": 13948.045
}