{
  "P": 19427.40000000003,
  "U": 15951.427000000003,
  "I": 14167.403
}