{
  "P": 19312.80000000003,
  "U": 15850.760000000002,
  "I": 14092.571
}