{
  "P": 18307.500000000004,
  "U": 13685.666999999998,
  "I": 13535.938
}