{
  "P": 18237.700000000004,
  "U": 13581.989999999998,
  "I": 13490.442
}