{
  "P": 19091.600000000024,
  "U": 15123.187000000002,
  "I": 13961.658
}