{
  "P": 18811.50000000001,
  "U": 14297.646999999999,
  "I": 13790.791
}