{
  "P": 19329.700000000026,
  "U": 15856.676000000001,
  "I": 14102.84
}