{
  "P": 19402.90000000003,
  "U": 15905.367000000002,
  "I": 14154.221
}