{
  "P": 18640.90000000001,
  "U": 14000.036999999997,
  "I": 13681.893
}