{
  "P": 18171.600000000002,
  "U": 13551.437999999996,
  "I": 13442.77
}