{
  "P": 19309.600000000028,
  "U": 15857.517000000003,
  "I": 14102.795
}