{
  "P": 18705.000000000015,
  "U": 14099.445999999996,
  "I": 13721.862
}