{
  "P": 19298.00000000003,
  "U": 15838.130000000003,
  "I": 14078.633
}