{
  "P": 18694.50000000001,
  "U": 14087.693999999996,
  "I": 13715.114
}