{
  "P": 19227.100000000028,
  "U": 15445.560000000003,
  "I": 14037.895
}