{
  "P": 18884.400000000012,
  "U": 14342.253999999999,
  "I": 13835.63
}