{
  "P": 19358.30000000003,
  "U": 15879.560000000001,
  "I": 14131.872
}