{
  "P": 19125.000000000022,
  "U": 15242.587000000001,
  "I": 13984.754
}