{
  "P": 18645.500000000007,
  "U": 13993.259999999997,
  "I": 13685.48
}