{
  "P": 18185.500000000004,
  "U": 13594.024999999998,
  "I": 13468.764
}