{
  "P": 18768.50000000001,
  "U": 14196.776999999998,
  "I": 13760.914
}