{
  "P": 19062.90000000002,
  "U": 14912.510000000002,
  "I": 13952.477
}