{
  "P": 18819.50000000001,
  "U": 14304.751999999999,
  "I": 13796.989
}