{
  "P": 18696.100000000013,
  "U": 14095.818999999998,
  "I": 13721.479
}