{
  "P": 19067.80000000002,
  "U": 14986.117000000002,
  "I": 13953.032
}