{
  "P": 18953.200000000015,
  "U": 14445.374999999996,
  "I": 13885.149
}