{
  "P": 18240.900000000005,
  "U": 13583.256999999998,
  "I": 13492.965
}