{
  "P": 18648.80000000001,
  "U": 13994.473999999997,
  "I": 13686.534
}