{
  "P": 19408.10000000003,
  "U": 15930.088000000002,
  "I": 14155.387
}