{
  "P": 19183.600000000028,
  "U": 15370.354000000001,
  "I": 14012.118
}