{
  "P": 19310.700000000026,
  "U": 15850.732000000002,
  "I": 14090.873
}