{
  "P": 19081.000000000022,
  "U": 15012.392000000002,
  "I": 13959.139
}