{
  "P": 19000.20000000002,
  "U": 14604.905999999999,
  "I": 13917.091
}