{
  "P": 18257.400000000005,
  "U": 13634.694999999998,
  "I": 13500.828
}