{
  "P": 18163.100000000002,
  "U": 13551.387999999997,
  "I": 13434.864
}