{
  "P": 22414.20000000005,
  "U": 16008.698000000002,
  "I": 14211.575
}