{
  "P": 18951.800000000014,
  "U": 14441.519999999997,
  "I": 13884.987
}