{
  "P": 18971.100000000017,
  "U": 14515.068999999996,
  "I": 13898.698
}