{
  "P": 18654.90000000001,
  "U": 14001.504999999997,
  "I": 13689.804
}