{
  "P": 18290.500000000004,
  "U": 13644.950999999997,
  "I": 13558.198
}