{
  "P": 18917.500000000015,
  "U": 14354.435999999998,
  "I": 13874.833
}