{
  "P": 18926.500000000015,
  "U": 14355.021999999997,
  "I": 13866.471
}