{
  "P": 18640.90000000001,
  "U": 13963.482999999997,
  "I": 13680.522
}