{
  "P": 19079.000000000022,
  "U": 15003.783000000001,
  "I": 13958.993
}