{
  "P": 18203.000000000004,
  "U": 13574.285999999996,
  "I": 13466.545
}