{
  "P": 18900.70000000001,
  "U": 14351.460999999998,
  "I": 13842.903
}