{
  "P": 19067.80000000002,
  "U": 14991.640000000003,
  "I": 13953.032
}