{
  "P": 19467.000000000033,
  "U": 15981.632000000001,
  "I": 14193.623
}