{
  "P": 18247.700000000004,
  "U": 13585.807999999997,
  "I": 13495.844
}