{
  "P": 19413.20000000003,
  "U": 15938.142000000002,
  "I": 14160.461
}