{
  "P": 19406.90000000003,
  "U": 15927.802000000001,
  "I": 14155.322
}