{
  "P": 19470.200000000033,
  "U": 15993.149000000003,
  "I": 14194.282
}