{
  "P": 19419.50000000003,
  "U": 15946.004000000003,
  "I": 14162.156
}