{
  "P": 19433.40000000003,
  "U": 15953.604000000003,
  "I": 14170.844
}