{
  "P": 19094.800000000025,
  "U": 15123.187000000002,
  "I": 13963.144
}