{
  "P": 19001.20000000002,
  "U": 14606.650999999998,
  "I": 13917.283
}