{
  "P": 18246.800000000003,
  "U": 13583.910999999998,
  "I": 13495.641
}