{
  "P": 18188.500000000004,
  "U": 13574.282999999998,
  "I": 13453.941
}