{
  "P": 19442.30000000003,
  "U": 15966.882000000001,
  "I": 14177.238
}