{
  "P": 19259.100000000028,
  "U": 15601.703000000005,
  "I": 14056.944
}