{
  "P": 19309.600000000028,
  "U": 15848.796000000002,
  "I": 14089.871
}