{
  "P": 19226.700000000026,
  "U": 15441.652000000002,
  "I": 14037.895
}