{
  "P": 19273.70000000003,
  "U": 15627.076000000003,
  "I": 14064.718
}