{
  "P": 19230.500000000025,
  "U": 15449.786000000002,
  "I": 14039.519
}