{
  "P": 18664.500000000007,
  "U": 14015.407999999998,
  "I": 13695.532
}