{
  "P": 19402.40000000003,
  "U": 15902.443000000001,
  "I": 14154.167
}