{
  "P": 19065.700000000023,
  "U": 14922.186000000002,
  "I": 13953.027
}