{
  "P": 19270.20000000003,
  "U": 15618.729000000005,
  "I": 14070.214
}