{
  "P": 19127.200000000023,
  "U": 15234.842000000002,
  "I": 13983.169
}