{
  "P": 19394.00000000003,
  "U": 15893.953000000001,
  "I": 14149.292
}