{
  "P": 18268.100000000006,
  "U": 13639.062999999996,
  "I": 13510.702
}