{
  "P": 18951.100000000013,
  "U": 14433.513999999997,
  "I": 13884.987
}