{
  "P": 19212.30000000003,
  "U": 15412.481000000002,
  "I": 14027.559
}