{
  "P": 18723.300000000014,
  "U": 14121.376999999997,
  "I": 13747.476
}