{
  "P": 18662.200000000008,
  "U": 14004.908999999996,
  "I": 13695.147
}