{
  "P": 18640.90000000001,
  "U": 13995.840999999997,
  "I": 13681.893
}