{
  "P": 19033.60000000002,
  "U": 14744.939000000002,
  "I": 13934.026
}