{
  "P": 18612.700000000004,
  "U": 13916.020999999997,
  "I": 13666.614
}