{
  "P": 18676.80000000001,
  "U": 14112.767999999996,
  "I": 13708.536
}