{
  "P": 19406.90000000003,
  "U": 15928.956000000002,
  "I": 14155.322
}