{
  "P": 18240.900000000005,
  "U": 13583.215999999997,
  "I": 13491.87
}