{
  "P": 18140.000000000004,
  "U": 13549.956999999997,
  "I": 13436.017
}