{
  "P": 19406.90000000003,
  "U": 15926.909000000001,
  "I": 14155.322
}