{
  "P": 18884.400000000012,
  "U": 14339.280999999999,
  "I": 13835.63
}