{
  "P": 19131.400000000023,
  "U": 15236.428000000002,
  "I": 13986.44
}