{
  "P": 19126.700000000023,
  "U": 15230.979000000001,
  "I": 13983.063
}