{
  "P": 18603.300000000003,
  "U": 13877.367999999997,
  "I": 13664.543
}