{
  "P": 19326.100000000028,
  "U": 15856.617000000002,
  "I": 14098.5
}