{
  "P": 18654.50000000001,
  "U": 13998.989999999996,
  "I": 13689.802
}