{
  "P": 18996.400000000016,
  "U": 14567.233999999999,
  "I": 13915.391
}