{
  "P": 19274.20000000003,
  "U": 15739.387000000002,
  "I": 14064.718
}