{
  "P": 18970.800000000017,
  "U": 14477.744999999995,
  "I": 13901.316
}