{
  "P": 19198.900000000027,
  "U": 15404.553000000002,
  "I": 14019.02
}