{
  "P": 18689.400000000012,
  "U": 14087.651999999996,
  "I": 13712.139
}