{
  "P": 19217.00000000003,
  "U": 15433.503000000002,
  "I": 14029.124
}