{
  "P": 18156.500000000004,
  "U": 13545.886999999997,
  "I": 13430.376
}