{
  "P": 19345.600000000024,
  "U": 15860.863000000001,
  "I": 14117.364
}