{
  "P": 18640.500000000007,
  "U": 13942.019999999997,
  "I": 13680.444
}