{
  "P": 18563.000000000004,
  "U": 13803.259999999997,
  "I": 13640.227
}