{
  "P": 19201.30000000003,
  "U": 15411.280000000002,
  "I": 14019.855
}