{
  "P": 18795.80000000001,
  "U": 14207.848999999998,
  "I": 13782.964
}