{
  "P": 18762.400000000012,
  "U": 14186.969999999998,
  "I": 13758.51
}