{
  "P": 19001.300000000017,
  "U": 14613.195999999998,
  "I": 13917.283
}