{
  "P": 19324.900000000027,
  "U": 15861.416000000001,
  "I": 14106.629
}