{
  "P": 19457.600000000028,
  "U": 15972.454000000002,
  "I": 14186.931
}