{
  "P": 18999.300000000017,
  "U": 14568.244999999997,
  "I": 13916.881
}