{
  "P": 18885.00000000001,
  "U": 14342.646999999999,
  "I": 13836.703
}