{
  "P": 18251.900000000005,
  "U": 13632.942999999997,
  "I": 13497.422
}