{
  "P": 21755.200000000044,
  "U": 16008.698000000002,
  "I": 14211.575
}