{
  "P": 18799.30000000001,
  "U": 14283.012999999999,
  "I": 13783.162
}