{
  "P": 18640.90000000001,
  "U": 13950.976999999995,
  "I": 13680.522
}