{
  "P": 18705.000000000015,
  "U": 14097.024999999998,
  "I": 13721.862
}