{
  "P": 18612.700000000004,
  "U": 13917.332999999997,
  "I": 13666.614
}