{
  "P": 19076.30000000002,
  "U": 14997.725000000002,
  "I": 13958.632
}