{
  "P": 19156.200000000023,
  "U": 15288.873000000001,
  "I": 13998.637
}