{
  "P": 18307.500000000004,
  "U": 13693.132999999998,
  "I": 13535.938
}