{
  "P": 19237.800000000025,
  "U": 15517.624000000003,
  "I": 14044.629
}