{
  "P": 19427.300000000032,
  "U": 15951.064000000002,
  "I": 14167.392
}