{
  "P": 19372.80000000003,
  "U": 15881.108000000002,
  "I": 14133.698
}