{
  "P": 19212.80000000003,
  "U": 15423.869000000002,
  "I": 14027.56
}