{
  "P": 18375.000000000004,
  "U": 13702.511999999997,
  "I": 13568.251
}