{
  "P": 18490.600000000002,
  "U": 13708.999999999998,
  "I": 13586.768
}