{
  "P": 19408.20000000003,
  "U": 15930.210000000003,
  "I": 14155.387
}