{
  "P": 18560.600000000002,
  "U": 13799.311999999998,
  "I": 13638.928
}