{
  "P": 19067.10000000002,
  "U": 14982.997000000001,
  "I": 13953.032
}