{
  "P": 18717.900000000012,
  "U": 14107.410999999996,
  "I": 13731.502
}