{
  "P": 18342.500000000004,
  "U": 13702.511999999997,
  "I": 13566.256
}