{
  "P": 18612.700000000004,
  "U": 13914.677999999998,
  "I": 13666.614
}