{
  "P": 19225.900000000027,
  "U": 15433.503000000002,
  "I": 14036.975
}