{
  "P": 18984.900000000016,
  "U": 14532.555999999997,
  "I": 13906.472
}