{
  "P": 18942.700000000015,
  "U": 14357.759999999997,
  "I": 13881.005
}