{
  "P": 19143.900000000023,
  "U": 15279.980000000001,
  "I": 13995.415
}