{
  "P": 19280.50000000003,
  "U": 15822.919000000004,
  "I": 14067.533
}