{
  "P": 19143.100000000024,
  "U": 15245.712000000001,
  "I": 13995.415
}