{
  "P": 18185.500000000004,
  "U": 13594.287999999997,
  "I": 13468.764
}