{
  "P": 19143.100000000024,
  "U": 15247.085000000001,
  "I": 13995.415
}