{
  "P": 18296.200000000004,
  "U": 13647.622999999998,
  "I": 13531.555
}