{
  "P": 18551.300000000003,
  "U": 13792.418999999996,
  "I": 13631.998
}