{
  "P": 19025.10000000002,
  "U": 14708.384000000002,
  "I": 13930.235
}