{
  "P": 18808.90000000001,
  "U": 14292.617999999999,
  "I": 13790.016
}