{
  "P": 19233.800000000025,
  "U": 15516.770000000004,
  "I": 14041.687
}