{
  "P": 19270.20000000003,
  "U": 15608.757000000005,
  "I": 14063.579
}