{
  "P": 18210.000000000004,
  "U": 13574.955999999996,
  "I": 13471.71
}