{
  "P": 18237.700000000004,
  "U": 13587.206999999997,
  "I": 13509.174
}