{
  "P": 19109.30000000002,
  "U": 15147.811000000002,
  "I": 13974.058
}