{
  "P": 18800.70000000001,
  "U": 14292.090999999999,
  "I": 13785.018
}