{
  "P": 18974.70000000002,
  "U": 14532.131999999998,
  "I": 13899.031
}