{
  "P": 19032.80000000002,
  "U": 14743.627000000002,
  "I": 13933.849
}