{
  "P": 19370.00000000003,
  "U": 15878.347000000002,
  "I": 14132.274
}