{
  "P": 18161.600000000002,
  "U": 13555.633999999996,
  "I": 13450.36
}