{
  "P": 18999.300000000017,
  "U": 14567.950999999997,
  "I": 13916.881
}