{
  "P": 19224.100000000028,
  "U": 15433.503000000002,
  "I": 14036.975
}