{
  "P": 18249.700000000004,
  "U": 13631.971999999998,
  "I": 13496.322
}