{
  "P": 18938.300000000014,
  "U": 14357.759999999997,
  "I": 13875.724
}