{
  "P": 19374.00000000003,
  "U": 15883.424000000003,
  "I": 14134.269
}