{
  "P": 18245.200000000004,
  "U": 13583.302999999998,
  "I": 13494.497
}