{
  "P": 19103.100000000024,
  "U": 15123.231000000002,
  "I": 13971.141
}