{
  "P": 18939.900000000012,
  "U": 14357.759999999997,
  "I": 13879.658
}