{
  "P": 19065.500000000022,
  "U": 14915.706000000002,
  "I": 13953.027
}