{
  "P": 18293.200000000004,
  "U": 13644.657999999998,
  "I": 13530.873
}