{
  "P": 19185.400000000027,
  "U": 15400.159000000001,
  "I": 14012.118
}