{
  "P": 19067.10000000002,
  "U": 14983.106000000002,
  "I": 13953.032
}