{
  "P": 18945.400000000012,
  "U": 14404.492999999997,
  "I": 13882.452
}