{
  "P": 18526.300000000003,
  "U": 13735.589999999998,
  "I": 13613.599
}