{
  "P": 19441.70000000003,
  "U": 15962.971000000003,
  "I": 14177.181
}