{
  "P": 19427.800000000032,
  "U": 15951.427000000003,
  "I": 14167.727
}