{
  "P": 19079.10000000002,
  "U": 15019.457000000002,
  "I": 13959.354
}