{
  "P": 19440.80000000003,
  "U": 15962.971000000003,
  "I": 14176.615
}