{
  "P": 18953.200000000015,
  "U": 14450.528999999997,
  "I": 13885.149
}