{
  "P": 19275.80000000003,
  "U": 15801.490000000002,
  "I": 14065.388
}