{
  "P": 22388.800000000054,
  "U": 16008.698000000002,
  "I": 14211.575
}