{
  "P": 18974.100000000017,
  "U": 14524.058999999996,
  "I": 13898.999
}