{
  "P": 18090.700000000004,
  "U": 13535.415999999997,
  "I": 13375.399
}