{
  "P": 19271.20000000003,
  "U": 15622.146000000004,
  "I": 14063.739
}