{
  "P": 19044.10000000002,
  "U": 14757.215000000002,
  "I": 13940.564
}