{
  "P": 19399.400000000027,
  "U": 15894.384000000002,
  "I": 14152.227
}