{
  "P": 19455.80000000003,
  "U": 15971.072000000002,
  "I": 14185.35
}