{
  "P": 18298.600000000002,
  "U": 13648.406999999997,
  "I": 13532.968
}