{
  "P": 18740.400000000012,
  "U": 14176.435999999998,
  "I": 13742.409
}