{
  "P": 19125.000000000022,
  "U": 15222.594000000001,
  "I": 13982.71
}