{
  "P": 18900.100000000013,
  "U": 14349.457999999999,
  "I": 13842.779
}