{
  "P": 19008.00000000002,
  "U": 14618.280999999999,
  "I": 13922.6
}