{
  "P": 18926.500000000015,
  "U": 14354.134999999997,
  "I": 13866.471
}