{
  "P": 19022.40000000002,
  "U": 14632.421999999999,
  "I": 13929.801
}