{
  "P": 19374.00000000003,
  "U": 15892.555000000002,
  "I": 14136.264
}