{
  "P": 19242.400000000027,
  "U": 15520.334000000004,
  "I": 14045.655
}