{
  "P": 19406.000000000033,
  "U": 15921.452000000001,
  "I": 14155.267
}