{
  "P": 19023.30000000002,
  "U": 14676.166000000001,
  "I": 13929.835
}