{
  "P": 19025.10000000002,
  "U": 14725.411000000002,
  "I": 13930.235
}