{
  "P": 19143.900000000023,
  "U": 15280.092000000002,
  "I": 13995.415
}