{
  "P": 18161.200000000004,
  "U": 13547.101999999997,
  "I": 13433.166
}