{
  "P": 19402.100000000028,
  "U": 15902.421000000002,
  "I": 14154.126
}