{
  "P": 18543.500000000004,
  "U": 13792.203999999996,
  "I": 13627.524
}