{
  "P": 18529.800000000003,
  "U": 13783.076999999997,
  "I": 13615.223
}