{
  "P": 18944.800000000014,
  "U": 14357.839999999997,
  "I": 13882.377
}