{
  "P": 18739.00000000001,
  "U": 14175.785999999998,
  "I": 13742.159
}