{
  "P": 18606.300000000003,
  "U": 13879.908999999996,
  "I": 13665.761
}