{
  "P": 18722.20000000001,
  "U": 14107.704999999996,
  "I": 13734.729
}