{
  "P": 18606.600000000002,
  "U": 13889.224999999997,
  "I": 13665.767
}