{
  "P": 19274.20000000003,
  "U": 15762.894000000002,
  "I": 14064.718
}