{
  "P": 18532.600000000002,
  "U": 13826.147999999997,
  "I": 13619.667
}