{
  "P": 19213.700000000026,
  "U": 15433.369000000002,
  "I": 14027.56
}