{
  "P": 19242.400000000027,
  "U": 15521.035000000003,
  "I": 14045.655
}