{
  "P": 18789.20000000001,
  "U": 14201.445999999998,
  "I": 13779.059
}