{
  "P": 18743.900000000012,
  "U": 14178.525999999998,
  "I": 13744.677
}