{
  "P": 19028.40000000002,
  "U": 14792.260000000002,
  "I": 13932.021
}