{
  "P": 19279.40000000003,
  "U": 15807.159000000003,
  "I": 14067.525
}