{
  "P": 18973.100000000017,
  "U": 14523.819999999996,
  "I": 13898.951
}