{
  "P": 19270.20000000003,
  "U": 15612.027000000006,
  "I": 14063.579
}