{
  "P": 18525.500000000004,
  "U": 13719.103999999998,
  "I": 13613.599
}