{
  "P": 18915.900000000012,
  "U": 14351.460999999998,
  "I": 13856.369
}