{
  "P": 18140.000000000004,
  "U": 13543.381999999996,
  "I": 13415.631
}