{
  "P": 18926.500000000015,
  "U": 14353.620999999997,
  "I": 13866.471
}