{
  "P": 19076.30000000002,
  "U": 15000.907000000003,
  "I": 13958.632
}