{
  "P": 18819.400000000012,
  "U": 14300.208999999999,
  "I": 13796.989
}