{
  "P": 18508.000000000004,
  "U": 13716.242999999997,
  "I": 13598.253
}