{
  "P": 21561.000000000044,
  "U": 16008.698000000002,
  "I": 14211.575
}