{
  "P": 18294.900000000005,
  "U": 13645.177999999998,
  "I": 13531.33
}