{
  "P": 19078.60000000002,
  "U": 15002.501000000002,
  "I": 13958.993
}