{
  "P": 18818.900000000012,
  "U": 14300.098999999998,
  "I": 13796.866
}