{
  "P": 18635.900000000005,
  "U": 13936.265999999996,
  "I": 13679.151
}