{
  "P": 18526.300000000003,
  "U": 13762.816999999997,
  "I": 13613.599
}