{
  "P": 18245.200000000004,
  "U": 13583.315999999997,
  "I": 13495.022
}