{
  "P": 18701.000000000015,
  "U": 14092.792999999998,
  "I": 13719.951
}