{
  "P": 19241.200000000026,
  "U": 15517.912000000004,
  "I": 14045.556
}