{
  "P": 18925.100000000013,
  "U": 14353.547999999997,
  "I": 13865.923
}