{
  "P": 18257.400000000005,
  "U": 13637.828999999996,
  "I": 13500.828
}