{
  "P": 18507.300000000003,
  "U": 13709.944999999998,
  "I": 13598.175
}