{
  "P": 19212.400000000027,
  "U": 15422.647000000003,
  "I": 14027.56
}