{
  "P": 19309.600000000028,
  "U": 15840.831000000002,
  "I": 14089.871
}