{
  "P": 19349.400000000027,
  "U": 15862.532000000001,
  "I": 14119.34
}