{
  "P": 19196.700000000026,
  "U": 15404.240000000002,
  "I": 14017.794
}