{
  "P": 18723.100000000013,
  "U": 14108.040999999997,
  "I": 13735.018
}