{
  "P": 19081.20000000002,
  "U": 15012.463000000002,
  "I": 13959.25
}