{
  "P": 18229.400000000005,
  "U": 13578.626999999997,
  "I": 13485.506
}