{
  "P": 19076.30000000002,
  "U": 14994.730000000001,
  "I": 13958.632
}