{
  "P": 19368.20000000003,
  "U": 15874.535000000002,
  "I": 14131.57
}