{
  "P": 18636.000000000007,
  "U": 13937.367999999997,
  "I": 13679.151
}