{
  "P": 19070.60000000002,
  "U": 14993.962000000001,
  "I": 13954.345
}