{
  "P": 18648.80000000001,
  "U": 13993.873999999996,
  "I": 13686.534
}