{
  "P": 19419.40000000003,
  "U": 15942.798000000003,
  "I": 14162.156
}