{
  "P": 19158.300000000025,
  "U": 15289.132000000001,
  "I": 13999.601
}