{
  "P": 18945.400000000012,
  "U": 14404.508999999998,
  "I": 13882.824
}