{
  "P": 18210.000000000004,
  "U": 13575.988999999998,
  "I": 13471.71
}