{
  "P": 18707.100000000013,
  "U": 14105.310999999996,
  "I": 13722.56
}