{
  "P": 18723.600000000013,
  "U": 14117.227999999997,
  "I": 13735.019
}