{
  "P": 18950.800000000014,
  "U": 14433.296999999997,
  "I": 13884.982
}