{
  "P": 19464.10000000003,
  "U": 15981.619000000002,
  "I": 14191.238
}