{
  "P": 18253.000000000004,
  "U": 13632.975999999997,
  "I": 13499.069
}