{
  "P": 19083.500000000022,
  "U": 15093.535000000002,
  "I": 13959.374
}