{
  "P": 19308.600000000028,
  "U": 15838.130000000003,
  "I": 14088.76
}