{
  "P": 18680.60000000001,
  "U": 14083.263999999996,
  "I": 13704.671
}