{
  "P": 18973.00000000002,
  "U": 14523.711999999996,
  "I": 13898.936
}