{
  "P": 18768.70000000001,
  "U": 14198.622999999998,
  "I": 13761.627
}