{
  "P": 19230.100000000028,
  "U": 15446.185000000003,
  "I": 14039.519
}