{
  "P": 19463.10000000003,
  "U": 15983.746000000003,
  "I": 14195.065
}