{
  "P": 18606.600000000002,
  "U": 13883.696999999998,
  "I": 13665.764
}