{
  "P": 18689.100000000013,
  "U": 14087.109999999997,
  "I": 13711.853
}