{
  "P": 19097.100000000024,
  "U": 15123.187000000002,
  "I": 13967.849
}