{
  "P": 18715.20000000001,
  "U": 14107.410999999996,
  "I": 13727.925
}