{
  "P": 18664.80000000001,
  "U": 14015.407999999998,
  "I": 13695.532
}