{
  "P": 19233.200000000026,
  "U": 15505.354000000003,
  "I": 14040.981
}