{
  "P": 18950.100000000013,
  "U": 14412.808999999997,
  "I": 13884.827
}