{
  "P": 19233.200000000026,
  "U": 15500.066000000004,
  "I": 14040.981
}