{
  "P": 19373.90000000003,
  "U": 15881.651000000002,
  "I": 14134.269
}