{
  "P": 19403.800000000032,
  "U": 15908.840000000002,
  "I": 14154.485
}