{
  "P": 19082.500000000022,
  "U": 15023.044000000002,
  "I": 13959.374
}