{
  "P": 18237.800000000003,
  "U": 13583.214999999998,
  "I": 13490.442
}