{
  "P": 19275.70000000003,
  "U": 15796.776000000003,
  "I": 14065.336
}