{
  "P": 19266.30000000003,
  "U": 15602.074000000004,
  "I": 14060.368
}