{
  "P": 18246.800000000003,
  "U": 13583.315999999997,
  "I": 13495.022
}