{
  "P": 18948.300000000014,
  "U": 14411.361999999997,
  "I": 13884.137
}