{
  "P": 18974.300000000017,
  "U": 14527.939999999997,
  "I": 13899.031
}