{
  "P": 19171.000000000025,
  "U": 15324.436000000002,
  "I": 14007.952
}