{
  "P": 19113.400000000023,
  "U": 15202.309000000001,
  "I": 13976.685
}