{
  "P": 18677.00000000001,
  "U": 14083.228999999996,
  "I": 13702.034
}