{
  "P": 18999.300000000017,
  "U": 14603.298999999999,
  "I": 13916.881
}