{
  "P": 19402.600000000028,
  "U": 15902.443000000001,
  "I": 14154.167
}