{
  "P": 19185.400000000027,
  "U": 15400.773000000003,
  "I": 14012.118
}