{
  "P": 19457.20000000003,
  "U": 15971.889000000001,
  "I": 14186.517
}