{
  "P": 19113.400000000023,
  "U": 15199.693000000001,
  "I": 13976.685
}