{
  "P": 19390.600000000028,
  "U": 15889.058000000003,
  "I": 14147.547
}