{
  "P": 19026.10000000002,
  "U": 14734.677000000001,
  "I": 13930.291
}