{
  "P": 18948.300000000014,
  "U": 14407.090999999997,
  "I": 13884.137
}