{
  "P": 18730.400000000012,
  "U": 14151.408999999998,
  "I": 13742.116
}