{
  "P": 18688.80000000001,
  "U": 14086.898999999996,
  "I": 13711.759
}