{
  "P": 18290.500000000004,
  "U": 13639.385999999997,
  "I": 13529.513
}