{
  "P": 19273.70000000003,
  "U": 15630.408000000003,
  "I": 14064.718
}