{
  "P": 18754.600000000013,
  "U": 14183.785999999998,
  "I": 13753.512
}