{
  "P": 18948.400000000012,
  "U": 14412.004999999997,
  "I": 13884.137
}