{
  "P": 18639.90000000001,
  "U": 13941.989999999996,
  "I": 13680.245
}