{
  "P": 18900.100000000013,
  "U": 14351.413999999999,
  "I": 13842.779
}