{
  "P": 18524.300000000003,
  "U": 13716.242999999997,
  "I": 13612.024
}