{
  "P": 19273.70000000003,
  "U": 15622.767000000003,
  "I": 14064.718
}