{
  "P": 18636.000000000007,
  "U": 13937.684999999996,
  "I": 13679.151
}