{
  "P": 19171.700000000026,
  "U": 15326.482000000002,
  "I": 14007.954
}