{
  "P": 19291.50000000003,
  "U": 15833.022000000003,
  "I": 14073.297
}