{
  "P": 18200.900000000005,
  "U": 13574.282999999998,
  "I": 13462.257
}