{
  "P": 18973.100000000017,
  "U": 14523.711999999996,
  "I": 13898.936
}