{
  "P": 22412.400000000052,
  "U": 16008.698000000002,
  "I": 14211.575
}