{
  "P": 18753.600000000013,
  "U": 14183.599999999999,
  "I": 13752.797
}