{
  "P": 18688.70000000001,
  "U": 14083.702999999996,
  "I": 13711.759
}