{
  "P": 19250.30000000003,
  "U": 15526.176000000003,
  "I": 14052.031
}