{
  "P": 19415.60000000003,
  "U": 15938.712000000003,
  "I": 14161.174
}