{
  "P": 19143.900000000023,
  "U": 15277.452000000001,
  "I": 13995.415
}