{
  "P": 19402.00000000003,
  "U": 15901.470000000001,
  "I": 14154.126
}