{
  "P": 19033.60000000002,
  "U": 14745.731000000002,
  "I": 13934.026
}