{
  "P": 19270.30000000003,
  "U": 15612.965000000004,
  "I": 14063.579
}