{
  "P": 18761.300000000014,
  "U": 14186.893999999998,
  "I": 13758.151
}