{
  "P": 18947.900000000012,
  "U": 14404.519999999997,
  "I": 13884.03
}