{
  "P": 19256.80000000003,
  "U": 15588.760000000004,
  "I": 14055.982
}