{
  "P": 18723.500000000015,
  "U": 14117.227999999997,
  "I": 13735.019
}