{
  "P": 18799.30000000001,
  "U": 14303.368999999999,
  "I": 13783.36
}