{
  "P": 18551.300000000003,
  "U": 13798.863999999998,
  "I": 13632.011
}