{
  "P": 21698.600000000046,
  "U": 16008.698000000002,
  "I": 14211.575
}