{
  "P": 18950.300000000014,
  "U": 14422.947999999999,
  "I": 13884.827
}