{
  "P": 18089.700000000004,
  "U": 13529.962999999996,
  "I": 13375.271
}