{
  "P": 19110.000000000022,
  "U": 15196.880000000001,
  "I": 13974.241
}