{
  "P": 19427.300000000032,
  "U": 15950.695000000003,
  "I": 14167.392
}