{
  "P": 19405.10000000003,
  "U": 15922.026000000002,
  "I": 14156.311
}