{
  "P": 19184.500000000025,
  "U": 15373.508000000002,
  "I": 14012.118
}