{
  "P": 18819.20000000001,
  "U": 14300.208999999999,
  "I": 13796.989
}