{
  "P": 19606.100000000035,
  "U": 16008.698000000002,
  "I": 14211.575
}