{
  "P": 19055.40000000002,
  "U": 14827.979000000001,
  "I": 13948.045
}