{
  "P": 18158.100000000002,
  "U": 13545.886999999997,
  "I": 13432.016
}