{
  "P": 19133.100000000024,
  "U": 15249.383000000002,
  "I": 13991.191
}