{
  "P": 19442.30000000003,
  "U": 15969.547000000002,
  "I": 14177.238
}