{
  "P": 19084.30000000002,
  "U": 15095.426000000001,
  "I": 13959.443
}