{
  "P": 19067.10000000002,
  "U": 14923.121000000003,
  "I": 13953.032
}