{
  "P": 19419.40000000003,
  "U": 15944.543000000001,
  "I": 14162.156
}