{
  "P": 18950.800000000014,
  "U": 14433.294999999996,
  "I": 13884.828
}