{
  "P": 19406.90000000003,
  "U": 15941.188000000002,
  "I": 14155.378
}