{
  "P": 18621.800000000003,
  "U": 13923.696999999998,
  "I": 13671.676
}