{
  "P": 18641.000000000007,
  "U": 13993.233999999997,
  "I": 13680.82
}