{
  "P": 19335.600000000024,
  "U": 15860.863000000001,
  "I": 14106.44
}