{
  "P": 18622.700000000004,
  "U": 13926.395999999997,
  "I": 13671.764
}