{
  "P": 18207.000000000004,
  "U": 13574.285999999996,
  "I": 13468.596
}