{
  "P": 19149.500000000022,
  "U": 15282.543000000001,
  "I": 13998.204
}