{
  "P": 18112.600000000002,
  "U": 13540.453999999996,
  "I": 13414.575
}