{
  "P": 18532.600000000002,
  "U": 13787.333999999997,
  "I": 13616.633
}