{
  "P": 18952.600000000013,
  "U": 14444.178999999996,
  "I": 13885.015
}