{
  "P": 18768.50000000001,
  "U": 14197.838999999998,
  "I": 13760.914
}