{
  "P": 19044.10000000002,
  "U": 14761.372000000001,
  "I": 13940.564
}