{
  "P": 19127.30000000002,
  "U": 15236.217000000002,
  "I": 13983.169
}