{
  "P": 18257.800000000007,
  "U": 13638.855999999996,
  "I": 13501.151
}