{
  "P": 18704.800000000014,
  "U": 14094.109999999997,
  "I": 13721.862
}