{
  "P": 19089.900000000023,
  "U": 15112.085000000001,
  "I": 13961.272
}