{
  "P": 19029.30000000002,
  "U": 14743.376000000002,
  "I": 13931.452
}