{
  "P": 19374.00000000003,
  "U": 15884.212000000001,
  "I": 14134.269
}