{
  "P": 18160.400000000005,
  "U": 13545.886999999997,
  "I": 13432.016
}