{
  "P": 19127.200000000023,
  "U": 15235.721000000001,
  "I": 13983.169
}