{
  "P": 19407.40000000003,
  "U": 15929.942000000003,
  "I": 14155.337
}