{
  "P": 19373.90000000003,
  "U": 15881.480000000001,
  "I": 14134.148
}