{
  "P": 19273.70000000003,
  "U": 15628.278000000004,
  "I": 14064.718
}