{
  "P": 18516.000000000004,
  "U": 13716.242999999997,
  "I": 13606.929
}