{
  "P": 18609.700000000004,
  "U": 13912.628999999997,
  "I": 13666.238
}