{
  "P": 19321.600000000028,
  "U": 15851.409000000003,
  "I": 14097.068
}