{
  "P": 18723.100000000013,
  "U": 14107.704999999996,
  "I": 13734.729
}