{
  "P": 18367.300000000003,
  "U": 13706.231999999996,
  "I": 13578.614
}