{
  "P": 18742.100000000013,
  "U": 14176.976999999997,
  "I": 13744.021
}