{
  "P": 18951.700000000015,
  "U": 14436.355999999998,
  "I": 13884.987
}