{
  "P": 18257.400000000005,
  "U": 13638.377999999997,
  "I": 13500.879
}