{
  "P": 19390.100000000028,
  "U": 15888.905000000002,
  "I": 14146.577
}