{
  "P": 18184.300000000003,
  "U": 13551.627999999997,
  "I": 13450.07
}