{
  "P": 19212.30000000003,
  "U": 15420.496000000003,
  "I": 14027.56
}