{
  "P": 18250.000000000004,
  "U": 13632.942999999997,
  "I": 13496.331
}