{
  "P": 18730.400000000012,
  "U": 14169.893999999997,
  "I": 13738.567
}