{
  "P": 19143.500000000025,
  "U": 15269.133000000002,
  "I": 13995.415
}