{
  "P": 19284.600000000028,
  "U": 15830.210000000003,
  "I": 14070.262
}