{
  "P": 18746.00000000001,
  "U": 14183.560999999998,
  "I": 13747.412
}