{
  "P": 18743.900000000012,
  "U": 14183.150999999998,
  "I": 13744.677
}