{
  "P": 19284.600000000028,
  "U": 15832.457000000002,
  "I": 14070.262
}