{
  "P": 19230.500000000025,
  "U": 15451.983000000002,
  "I": 14039.519
}