{
  "P": 18332.100000000002,
  "U": 13702.192999999997,
  "I": 13554.57
}