{
  "P": 18526.300000000003,
  "U": 13774.586999999996,
  "I": 13629.023
}