{
  "P": 18293.900000000005,
  "U": 13644.657999999998,
  "I": 13530.873
}