{
  "P": 18161.600000000002,
  "U": 13551.137999999997,
  "I": 13433.166
}