{
  "P": 18849.50000000001,
  "U": 14312.217999999999,
  "I": 13818.554
}