{
  "P": 19109.400000000023,
  "U": 15173.828000000001,
  "I": 13974.058
}