{
  "P": 19219.200000000026,
  "U": 15433.503000000002,
  "I": 14034.27
}