{
  "P": 19255.400000000027,
  "U": 15587.178000000004,
  "I": 14055.222
}