{
  "P": 19370.600000000028,
  "U": 15881.069000000001,
  "I": 14132.389
}