{
  "P": 19143.900000000023,
  "U": 15275.508000000002,
  "I": 13995.415
}