{
  "P": 19038.60000000002,
  "U": 14754.569000000001,
  "I": 13937.417
}