{
  "P": 18130.800000000003,
  "U": 13541.304999999997,
  "I": 13409.212
}