{
  "P": 18723.300000000014,
  "U": 14109.186999999996,
  "I": 13735.018
}