{
  "P": 18950.500000000015,
  "U": 14432.935999999998,
  "I": 13884.827
}