{
  "P": 19076.30000000002,
  "U": 14997.067000000003,
  "I": 13958.632
}