{
  "P": 19025.000000000022,
  "U": 14679.274000000001,
  "I": 13930.227
}