{
  "P": 18763.30000000001,
  "U": 14190.933999999997,
  "I": 13758.9
}