{
  "P": 19250.200000000026,
  "U": 15524.053000000004,
  "I": 14051.669
}