{
  "P": 19240.600000000028,
  "U": 15517.624000000003,
  "I": 14044.629
}