{
  "P": 19402.90000000003,
  "U": 15906.719000000001,
  "I": 14154.221
}