{
  "P": 19324.700000000026,
  "U": 15851.782000000003,
  "I": 14097.813
}