{
  "P": 22386.900000000052,
  "U": 16008.698000000002,
  "I": 14211.575
}