{
  "P": 19125.000000000022,
  "U": 15229.506000000001,
  "I": 13982.71
}