{
  "P": 18917.500000000015,
  "U": 14352.626999999997,
  "I": 13858.806
}