{
  "P": 18090.000000000004,
  "U": 13541.140999999996,
  "I": 13388.041
}