{
  "P": 19374.20000000003,
  "U": 15888.344000000003,
  "I": 14134.269
}