{
  "P": 19083.500000000022,
  "U": 15058.202000000001,
  "I": 13959.374
}