{
  "P": 18633.800000000007,
  "U": 13935.970999999996,
  "I": 13678.029
}