{
  "P": 18564.500000000004,
  "U": 13803.340999999997,
  "I": 13641.176
}