{
  "P": 18864.20000000001,
  "U": 14318.252999999999,
  "I": 13830.511
}