{
  "P": 19425.300000000032,
  "U": 15946.152000000002,
  "I": 14165.829
}