{
  "P": 19280.50000000003,
  "U": 15836.471000000003,
  "I": 14067.541
}