{
  "P": 19067.80000000002,
  "U": 14988.082000000002,
  "I": 13953.032
}