{
  "P": 19274.10000000003,
  "U": 15641.580000000004,
  "I": 14064.718
}