{
  "P": 18302.200000000004,
  "U": 13652.250999999998,
  "I": 13535.937
}