{
  "P": 19091.400000000023,
  "U": 15134.246000000001,
  "I": 13961.643
}