{
  "P": 19467.300000000032,
  "U": 15981.632000000001,
  "I": 14193.623
}