{
  "P": 18229.400000000005,
  "U": 13578.623999999998,
  "I": 13482.251
}