{
  "P": 19315.100000000028,
  "U": 15850.897000000003,
  "I": 14094.912
}