{
  "P": 19213.600000000028,
  "U": 15444.158000000001,
  "I": 14027.56
}