{
  "P": 18706.800000000014,
  "U": 14100.045999999997,
  "I": 13722.541
}