{
  "P": 18917.500000000015,
  "U": 14353.256999999998,
  "I": 13858.806
}