{
  "P": 18948.300000000014,
  "U": 14408.796999999999,
  "I": 13884.137
}