{
  "P": 19358.200000000026,
  "U": 15869.871000000001,
  "I": 14125.606
}