{
  "P": 18257.800000000007,
  "U": 13638.377999999997,
  "I": 13500.879
}