{
  "P": 18933.800000000014,
  "U": 14357.402999999997,
  "I": 13872.52
}