{
  "P": 18975.900000000016,
  "U": 14532.131999999998,
  "I": 13900.86
}