{
  "P": 19065.500000000022,
  "U": 14916.177000000001,
  "I": 13953.027
}