{
  "P": 19420.50000000003,
  "U": 15946.103000000001,
  "I": 14163.028
}