{
  "P": 19324.900000000027,
  "U": 15855.309000000001,
  "I": 14098.25
}