{
  "P": 19427.300000000032,
  "U": 15949.004000000003,
  "I": 14167.392
}