{
  "P": 18953.200000000015,
  "U": 14447.789999999995,
  "I": 13885.149
}