{
  "P": 18688.70000000001,
  "U": 14086.200999999997,
  "I": 13711.759
}