{
  "P": 18767.100000000013,
  "U": 14191.393999999998,
  "I": 13760.434
}