{
  "P": 19374.00000000003,
  "U": 15887.024000000003,
  "I": 14134.269
}