{
  "P": 19593.200000000033,
  "U": 16008.698000000002,
  "I": 14211.575
}