{
  "P": 18089.700000000004,
  "U": 13531.180999999997,
  "I": 13375.297
}