{
  "P": 18799.30000000001,
  "U": 14272.358999999999,
  "I": 13783.162
}