{
  "P": 18612.700000000004,
  "U": 13950.541999999998,
  "I": 13667.467
}