{
  "P": 19273.70000000003,
  "U": 15624.480000000003,
  "I": 14064.718
}