{
  "P": 19143.900000000023,
  "U": 15277.773000000001,
  "I": 13995.415
}