{
  "P": 18218.800000000003,
  "U": 13578.585999999998,
  "I": 13475.538
}