{
  "P": 18648.700000000008,
  "U": 13993.655999999997,
  "I": 13686.534
}