{
  "P": 19272.00000000003,
  "U": 15622.212000000003,
  "I": 14063.939
}