{
  "P": 19184.500000000025,
  "U": 15370.354000000001,
  "I": 14012.118
}