{
  "P": 19185.400000000027,
  "U": 15388.250000000002,
  "I": 14012.118
}