{
  "P": 19380.30000000003,
  "U": 15888.905000000002,
  "I": 14141.57
}