{
  "P": 18926.500000000015,
  "U": 14356.560999999998,
  "I": 13874.136
}