{
  "P": 18296.500000000004,
  "U": 13648.053999999996,
  "I": 13531.703
}