{
  "P": 18944.900000000012,
  "U": 14358.133999999996,
  "I": 13882.377
}