{
  "P": 18948.300000000014,
  "U": 14408.034999999998,
  "I": 13884.137
}