{
  "P": 19213.50000000003,
  "U": 15428.095000000003,
  "I": 14027.56
}