{
  "P": 19079.10000000002,
  "U": 15007.937000000002,
  "I": 13958.993
}