{
  "P": 19259.00000000003,
  "U": 15598.106000000003,
  "I": 14056.944
}