{
  "P": 19028.40000000002,
  "U": 14738.139000000001,
  "I": 13931.128
}