{
  "P": 19427.300000000032,
  "U": 15951.283000000003,
  "I": 14167.392
}