{
  "P": 18728.900000000012,
  "U": 14118.399999999998,
  "I": 13737.762
}