{
  "P": 19065.000000000022,
  "U": 14914.340000000002,
  "I": 13952.825
}