{
  "P": 19433.40000000003,
  "U": 15953.841000000002,
  "I": 14170.844
}