{
  "P": 18768.400000000012,
  "U": 14192.580999999998,
  "I": 13760.905
}