{
  "P": 19065.500000000022,
  "U": 14917.625000000002,
  "I": 13953.027
}