{
  "P": 18688.70000000001,
  "U": 14086.078999999996,
  "I": 13711.759
}