{
  "P": 18152.000000000004,
  "U": 13545.721999999996,
  "I": 13424.686
}