{
  "P": 18622.400000000005,
  "U": 13924.967999999997,
  "I": 13671.764
}