{
  "P": 18728.900000000012,
  "U": 14118.712999999996,
  "I": 13738.412
}