{
  "P": 19408.20000000003,
  "U": 15935.338000000003,
  "I": 14155.387
}