{
  "P": 18944.900000000012,
  "U": 14394.045999999997,
  "I": 13882.377
}