{
  "P": 18967.700000000015,
  "U": 14458.191999999995,
  "I": 13896.906
}