{
  "P": 19433.40000000003,
  "U": 15956.411000000002,
  "I": 14170.844
}