{
  "P": 18723.300000000014,
  "U": 14121.675999999998,
  "I": 13747.476
}