{
  "P": 18973.400000000016,
  "U": 14523.903999999997,
  "I": 13898.979
}