{
  "P": 18654.90000000001,
  "U": 14000.545999999997,
  "I": 13689.804
}