{
  "P": 18983.50000000002,
  "U": 14532.420999999997,
  "I": 13905.762
}