{
  "P": 18920.500000000015,
  "U": 14353.547999999997,
  "I": 13860.72
}