{
  "P": 19228.600000000028,
  "U": 15445.804000000002,
  "I": 14038.487
}