{
  "P": 18711.400000000012,
  "U": 14107.410999999996,
  "I": 13725.059
}