{
  "P": 18762.70000000001,
  "U": 14188.067999999997,
  "I": 13758.51
}