{
  "P": 18526.300000000003,
  "U": 13731.209999999997,
  "I": 13613.599
}