{
  "P": 18970.800000000017,
  "U": 14462.225999999995,
  "I": 13898.661
}