{
  "P": 18260.900000000005,
  "U": 13639.058999999997,
  "I": 13502.103
}