{
  "P": 19044.30000000002,
  "U": 14816.831000000002,
  "I": 13940.564
}