{
  "P": 19212.30000000003,
  "U": 15429.198000000002,
  "I": 14035.714
}