{
  "P": 19242.400000000027,
  "U": 15560.106000000003,
  "I": 14050.329
}