{
  "P": 18299.100000000002,
  "U": 13648.563999999997,
  "I": 13533.041
}