{
  "P": 19279.40000000003,
  "U": 15808.124000000003,
  "I": 14067.525
}