{
  "P": 19420.50000000003,
  "U": 15946.035000000002,
  "I": 14162.529
}