{
  "P": 18320.300000000003,
  "U": 13698.631999999998,
  "I": 13547.442
}