{
  "P": 19270.20000000003,
  "U": 15606.184000000005,
  "I": 14063.579
}