{
  "P": 18570.100000000002,
  "U": 13859.129999999996,
  "I": 13644.702
}