{
  "P": 19323.30000000003,
  "U": 15851.782000000003,
  "I": 14097.813
}