{
  "P": 19273.70000000003,
  "U": 15625.408000000005,
  "I": 14064.718
}