{
  "P": 18697.100000000013,
  "U": 14092.652999999997,
  "I": 13716.956
}