{
  "P": 19067.10000000002,
  "U": 14982.437000000002,
  "I": 13953.032
}