{
  "P": 19294.80000000003,
  "U": 15834.602000000003,
  "I": 14076.947
}