{
  "P": 19171.700000000026,
  "U": 15327.541000000001,
  "I": 14007.954
}