{
  "P": 20342.100000000042,
  "U": 16008.698000000002,
  "I": 14211.575
}