{
  "P": 18529.800000000003,
  "U": 13783.331999999997,
  "I": 13616.156
}