{
  "P": 18663.30000000001,
  "U": 14010.409999999996,
  "I": 13695.532
}