{
  "P": 19284.600000000028,
  "U": 15837.522000000003,
  "I": 14072.991
}