{
  "P": 18237.700000000004,
  "U": 13582.799999999997,
  "I": 13490.442
}