{
  "P": 19463.10000000003,
  "U": 15978.826000000001,
  "I": 14190.998
}