{
  "P": 18655.000000000007,
  "U": 14003.396999999997,
  "I": 13689.804
}