{
  "P": 18689.400000000012,
  "U": 14087.109999999997,
  "I": 13711.853
}