{
  "P": 18249.700000000004,
  "U": 13624.703999999998,
  "I": 13496.322
}