{
  "P": 18743.900000000012,
  "U": 14224.441999999997,
  "I": 13750.097
}