{
  "P": 18526.300000000003,
  "U": 13780.430999999997,
  "I": 13613.599
}