{
  "P": 19427.300000000032,
  "U": 15956.131000000003,
  "I": 14172.628
}