{
  "P": 19309.600000000028,
  "U": 15839.022000000003,
  "I": 14089.871
}