{
  "P": 19143.800000000025,
  "U": 15274.652000000002,
  "I": 13995.415
}