{
  "P": 19077.200000000023,
  "U": 15001.529000000002,
  "I": 13958.672
}