{
  "P": 19079.10000000002,
  "U": 15004.264000000003,
  "I": 13958.993
}