{
  "P": 19038.60000000002,
  "U": 14754.479000000001,
  "I": 13937.417
}