{
  "P": 18525.500000000004,
  "U": 13716.242999999997,
  "I": 13612.88
}