{
  "P": 18485.600000000002,
  "U": 13704.608999999997,
  "I": 13584.313
}