{
  "P": 19448.50000000003,
  "U": 15971.024000000001,
  "I": 14179.759
}