{
  "P": 19011.70000000002,
  "U": 14627.073999999999,
  "I": 13924.009
}