{
  "P": 19276.70000000003,
  "U": 15801.490000000002,
  "I": 14066.14
}