{
  "P": 19212.400000000027,
  "U": 15421.716000000002,
  "I": 14027.56
}