{
  "P": 18754.600000000013,
  "U": 14184.427999999998,
  "I": 13753.512
}