{
  "P": 18562.800000000003,
  "U": 13799.569999999998,
  "I": 13640.227
}