{
  "P": 18244.300000000003,
  "U": 13583.256999999998,
  "I": 13494.055
}