{
  "P": 18723.300000000014,
  "U": 14115.084999999997,
  "I": 13735.018
}