{
  "P": 18703.900000000012,
  "U": 14093.672999999997,
  "I": 13721.267
}