{
  "P": 18730.50000000001,
  "U": 14169.893999999997,
  "I": 13738.567
}