{
  "P": 19274.20000000003,
  "U": 15742.125000000004,
  "I": 14064.718
}