{
  "P": 18762.000000000015,
  "U": 14186.969999999998,
  "I": 13758.261
}