{
  "P": 18950.500000000015,
  "U": 14433.294999999996,
  "I": 13884.828
}