{
  "P": 18682.80000000001,
  "U": 14083.272999999996,
  "I": 13707.39
}