{
  "P": 19083.500000000022,
  "U": 15026.827000000001,
  "I": 13959.374
}