{
  "P": 18707.000000000015,
  "U": 14101.971999999996,
  "I": 13722.56
}