{
  "P": 19065.60000000002,
  "U": 14920.123000000001,
  "I": 13953.027
}