{
  "P": 19402.90000000003,
  "U": 15902.807000000003,
  "I": 14154.221
}