{
  "P": 19439.50000000003,
  "U": 15962.824000000002,
  "I": 14175.565
}