{
  "P": 18723.300000000014,
  "U": 14108.040999999997,
  "I": 13735.018
}