{
  "P": 18988.200000000015,
  "U": 14567.121999999998,
  "I": 13908.492
}