{
  "P": 18112.600000000002,
  "U": 13539.279999999997,
  "I": 13395.312
}