{
  "P": 18819.50000000001,
  "U": 14303.440999999999,
  "I": 13796.989
}