{
  "P": 18526.300000000003,
  "U": 13782.934999999996,
  "I": 13613.599
}