{
  "P": 19274.20000000003,
  "U": 15788.189000000002,
  "I": 14064.718
}