{
  "P": 18122.800000000003,
  "U": 13540.889999999996,
  "I": 13400.361
}