{
  "P": 19328.200000000026,
  "U": 15856.617000000002,
  "I": 14101.767
}