{
  "P": 19078.60000000002,
  "U": 15002.085000000003,
  "I": 13958.989
}