{
  "P": 19213.600000000028,
  "U": 15428.344000000003,
  "I": 14027.56
}