{
  "P": 18736.400000000012,
  "U": 14175.785999999998,
  "I": 13742.159
}