{
  "P": 19190.80000000003,
  "U": 15403.732000000002,
  "I": 14014.386
}