{
  "P": 18970.50000000002,
  "U": 14458.672999999995,
  "I": 13898.661
}