{
  "P": 19432.800000000032,
  "U": 15952.435000000003,
  "I": 14170.279
}