{
  "P": 19250.30000000003,
  "U": 15580.498000000003,
  "I": 14058.407
}