{
  "P": 18634.400000000005,
  "U": 13935.970999999996,
  "I": 13678.029
}