{
  "P": 19334.500000000025,
  "U": 15858.701000000003,
  "I": 14106.121
}