{
  "P": 19275.70000000003,
  "U": 15796.500000000004,
  "I": 14065.336
}