{
  "P": 18707.100000000013,
  "U": 14106.608999999997,
  "I": 13722.56
}