{
  "P": 19464.800000000032,
  "U": 15981.629000000003,
  "I": 14191.785
}