{
  "P": 18249.700000000004,
  "U": 13597.480999999998,
  "I": 13496.322
}