{
  "P": 19046.500000000022,
  "U": 14818.151000000002,
  "I": 13940.914
}