{
  "P": 19371.20000000003,
  "U": 15881.069000000001,
  "I": 14132.61
}