{
  "P": 18080.900000000005,
  "U": 13526.699999999995,
  "I": 13374.736
}