{
  "P": 19442.30000000003,
  "U": 15964.306000000002,
  "I": 14177.238
}