{
  "P": 18211.100000000002,
  "U": 13578.420999999997,
  "I": 13472.569
}