{
  "P": 19250.30000000003,
  "U": 15524.365000000003,
  "I": 14052.031
}