{
  "P": 19081.500000000022,
  "U": 15021.623000000001,
  "I": 13959.25
}