{
  "P": 19076.80000000002,
  "U": 15001.529000000002,
  "I": 13958.672
}