{
  "P": 19284.600000000028,
  "U": 15828.488000000003,
  "I": 14070.262
}