{
  "P": 18917.400000000012,
  "U": 14351.460999999998,
  "I": 13858.277
}