{
  "P": 18607.300000000003,
  "U": 13889.224999999997,
  "I": 13665.767
}