{
  "P": 18754.20000000001,
  "U": 14183.601999999997,
  "I": 13753.394
}