{
  "P": 18551.300000000003,
  "U": 13796.812999999996,
  "I": 13632.011
}