{
  "P": 19405.10000000003,
  "U": 15914.803000000002,
  "I": 14155.266
}