{
  "P": 18253.900000000005,
  "U": 13633.362999999998,
  "I": 13499.667
}