{
  "P": 18985.600000000017,
  "U": 14564.426999999998,
  "I": 13907.182
}