{
  "P": 19481.300000000032,
  "U": 15995.687000000002,
  "I": 14202.599
}