{
  "P": 18290.500000000004,
  "U": 13641.978999999998,
  "I": 13529.513
}