{
  "P": 19274.20000000003,
  "U": 15737.683000000003,
  "I": 14064.718
}