{
  "P": 19270.20000000003,
  "U": 15610.377000000004,
  "I": 14063.579
}