{
  "P": 18488.600000000002,
  "U": 13704.829999999996,
  "I": 13585.865
}