{
  "P": 18795.30000000001,
  "U": 14204.196999999998,
  "I": 13782.792
}