{
  "P": 19273.50000000003,
  "U": 15622.223000000004,
  "I": 14064.718
}