{
  "P": 18507.300000000003,
  "U": 13712.358999999999,
  "I": 13598.175
}