{
  "P": 19403.40000000003,
  "U": 15908.840000000002,
  "I": 14154.32
}