{
  "P": 18974.00000000002,
  "U": 14524.058999999996,
  "I": 13898.999
}