{
  "P": 19364.20000000003,
  "U": 15874.425000000001,
  "I": 14129.388
}