{
  "P": 19433.300000000032,
  "U": 15952.477000000003,
  "I": 14170.844
}