{
  "P": 19268.100000000028,
  "U": 15602.608000000004,
  "I": 14063.073
}