{
  "P": 19046.60000000002,
  "U": 14826.746000000001,
  "I": 13940.914
}