{
  "P": 19065.000000000022,
  "U": 14914.835000000001,
  "I": 13952.869
}