{
  "P": 19256.30000000003,
  "U": 15587.497000000003,
  "I": 14055.963
}