{
  "P": 18950.300000000014,
  "U": 14424.625999999998,
  "I": 13884.827
}