{
  "P": 19133.100000000024,
  "U": 15242.988000000001,
  "I": 13987.18
}