{
  "P": 19439.50000000003,
  "U": 15962.416000000003,
  "I": 14175.565
}