{
  "P": 19405.10000000003,
  "U": 15915.238000000001,
  "I": 14155.266
}