{
  "P": 19233.300000000025,
  "U": 15516.765000000003,
  "I": 14040.981
}