{
  "P": 19457.70000000003,
  "U": 15976.569000000001,
  "I": 14186.931
}