{
  "P": 19271.20000000003,
  "U": 15629.568000000005,
  "I": 14063.899
}