{
  "P": 19479.200000000033,
  "U": 15993.155000000002,
  "I": 14202.328
}