{
  "P": 18709.20000000001,
  "U": 14107.410999999996,
  "I": 13725.059
}