{
  "P": 18689.100000000013,
  "U": 14087.095999999996,
  "I": 13711.777
}