{
  "P": 18551.300000000003,
  "U": 13794.329999999996,
  "I": 13632.011
}