{
  "P": 18111.800000000003,
  "U": 13535.839999999997,
  "I": 13394.169
}