{
  "P": 18648.30000000001,
  "U": 13993.290999999997,
  "I": 13686.15
}