{
  "P": 19212.80000000003,
  "U": 15426.090000000002,
  "I": 14027.56
}