{
  "P": 18970.800000000017,
  "U": 14509.135999999997,
  "I": 13898.661
}