{
  "P": 18595.800000000003,
  "U": 13877.044999999996,
  "I": 13659.676
}