{
  "P": 18900.100000000013,
  "U": 14359.857999999998,
  "I": 13849.928
}