{
  "P": 18792.50000000001,
  "U": 14203.917999999998,
  "I": 13780.25
}