{
  "P": 18606.300000000003,
  "U": 13879.412999999997,
  "I": 13665.761
}