{
  "P": 19280.50000000003,
  "U": 15823.166000000003,
  "I": 14067.533
}