{
  "P": 19230.500000000025,
  "U": 15446.185000000003,
  "I": 14039.519
}