{
  "P": 19315.100000000028,
  "U": 15850.760000000002,
  "I": 14092.571
}