{
  "P": 19067.000000000022,
  "U": 14923.121000000003,
  "I": 13953.032
}