{
  "P": 18676.80000000001,
  "U": 14083.072999999997,
  "I": 13702.034
}