{
  "P": 18256.500000000004,
  "U": 13633.807999999997,
  "I": 13500.773
}