{
  "P": 18532.600000000002,
  "U": 13785.716999999997,
  "I": 13616.633
}