{
  "P": 18617.000000000004,
  "U": 13923.137999999997,
  "I": 13669.115
}