{
  "P": 18762.70000000001,
  "U": 14192.764999999998,
  "I": 13763.508
}