{
  "P": 19274.20000000003,
  "U": 15794.415000000003,
  "I": 14064.718
}