{
  "P": 18974.300000000017,
  "U": 14526.916999999996,
  "I": 13899.031
}