{
  "P": 18974.300000000017,
  "U": 14530.688999999997,
  "I": 13899.031
}