{
  "P": 18950.300000000014,
  "U": 14426.975999999997,
  "I": 13884.827
}