{
  "P": 18213.200000000004,
  "U": 13578.420999999997,
  "I": 13472.569
}