{
  "P": 18641.700000000008,
  "U": 13993.233999999997,
  "I": 13680.82
}