{
  "P": 19028.40000000002,
  "U": 14741.635000000002,
  "I": 13931.128
}