{
  "P": 18730.400000000012,
  "U": 14120.089999999997,
  "I": 13738.546
}