{
  "P": 19144.000000000022,
  "U": 15281.410000000002,
  "I": 13995.415
}