{
  "P": 18999.600000000017,
  "U": 14604.905999999999,
  "I": 13917.091
}