{
  "P": 18768.50000000001,
  "U": 14192.580999999998,
  "I": 13760.905
}