{
  "P": 19274.20000000003,
  "U": 15808.750000000004,
  "I": 14064.718
}