{
  "P": 19268.100000000028,
  "U": 15603.078000000005,
  "I": 14063.278
}