{
  "P": 19295.900000000027,
  "U": 15838.130000000003,
  "I": 14078.633
}