{
  "P": 19271.20000000003,
  "U": 15621.661000000004,
  "I": 14063.739
}