{
  "P": 18676.80000000001,
  "U": 14083.228999999996,
  "I": 13702.034
}