{
  "P": 18250.800000000003,
  "U": 13632.942999999997,
  "I": 13496.843
}