{
  "P": 18720.70000000001,
  "U": 14107.540999999997,
  "I": 13733.636
}