{
  "P": 19433.40000000003,
  "U": 15954.175000000003,
  "I": 14170.844
}