{
  "P": 19212.30000000003,
  "U": 15419.162000000002,
  "I": 14027.56
}