{
  "P": 19250.30000000003,
  "U": 15543.509000000004,
  "I": 14052.031
}