{
  "P": 19370.00000000003,
  "U": 15885.437000000002,
  "I": 14138.942
}