{
  "P": 19442.30000000003,
  "U": 15973.491000000002,
  "I": 14178.911
}