{
  "P": 18654.90000000001,
  "U": 14003.396999999997,
  "I": 13689.804
}