{
  "P": 18661.30000000001,
  "U": 14004.908999999996,
  "I": 13693.888
}