{
  "P": 19419.40000000003,
  "U": 15943.885000000002,
  "I": 14162.156
}