{
  "P": 18112.600000000002,
  "U": 13538.015999999996,
  "I": 13395.245
}