{
  "P": 19143.100000000024,
  "U": 15247.481000000002,
  "I": 13995.415
}