{
  "P": 19046.60000000002,
  "U": 14822.740000000002,
  "I": 13940.914
}