{
  "P": 18779.30000000001,
  "U": 14198.622999999998,
  "I": 13768.79
}