{
  "P": 21452.800000000047,
  "U": 16008.698000000002,
  "I": 14211.575
}