{
  "P": 18122.800000000003,
  "U": 13541.131999999996,
  "I": 13402.58
}