{
  "P": 18705.000000000015,
  "U": 14095.962999999998,
  "I": 13721.862
}