{
  "P": 19390.600000000028,
  "U": 15888.905000000002,
  "I": 14147.499
}