{
  "P": 18648.80000000001,
  "U": 13996.717999999995,
  "I": 13686.534
}