{
  "P": 20164.300000000036,
  "U": 16008.698000000002,
  "I": 14211.575
}