{
  "P": 19080.20000000002,
  "U": 15012.014000000001,
  "I": 13959.005
}