{
  "P": 18953.200000000015,
  "U": 14445.741999999997,
  "I": 13885.149
}