{
  "P": 20838.700000000044,
  "U": 16008.698000000002,
  "I": 14211.575
}