{
  "P": 19133.100000000024,
  "U": 15239.131000000001,
  "I": 13987.18
}