{
  "P": 19406.90000000003,
  "U": 15928.219000000003,
  "I": 14155.322
}