{
  "P": 19480.500000000033,
  "U": 15993.221000000003,
  "I": 14202.443
}