{
  "P": 19324.900000000027,
  "U": 15851.824000000002,
  "I": 14098.25
}