{
  "P": 19307.400000000027,
  "U": 15838.130000000003,
  "I": 14087.348
}