{
  "P": 19436.40000000003,
  "U": 15957.318000000003,
  "I": 14173.89
}