{
  "P": 18311.300000000003,
  "U": 13698.631999999998,
  "I": 13537.229
}