{
  "P": 18705.000000000015,
  "U": 14104.784999999996,
  "I": 13727.105
}