{
  "P": 19419.40000000003,
  "U": 15944.477000000003,
  "I": 14162.156
}