{
  "P": 19079.10000000002,
  "U": 15009.045000000002,
  "I": 13958.993
}