{
  "P": 18767.100000000013,
  "U": 14191.733999999997,
  "I": 13760.758
}