{
  "P": 18526.300000000003,
  "U": 13778.877999999997,
  "I": 13629.023
}