{
  "P": 19112.700000000023,
  "U": 15196.926000000001,
  "I": 13976.642
}