{
  "P": 19065.30000000002,
  "U": 14915.034000000001,
  "I": 13953.027
}