{
  "P": 19185.500000000025,
  "U": 15403.480000000001,
  "I": 14012.118
}