{
  "P": 19067.80000000002,
  "U": 14990.586000000001,
  "I": 13953.032
}