{
  "P": 18636.100000000006,
  "U": 13940.073999999997,
  "I": 13679.357
}