{
  "P": 18237.400000000005,
  "U": 13579.026999999998,
  "I": 13490.105
}