{
  "P": 18953.200000000015,
  "U": 14450.659999999996,
  "I": 13885.191
}