{
  "P": 18811.50000000001,
  "U": 14297.937999999998,
  "I": 13790.791
}