{
  "P": 18635.600000000006,
  "U": 13936.265999999996,
  "I": 13679.151
}