{
  "P": 19087.200000000023,
  "U": 15095.445000000002,
  "I": 13960.612
}