{
  "P": 19407.00000000003,
  "U": 15929.861000000003,
  "I": 14155.322
}