{
  "P": 18948.20000000001,
  "U": 14404.519999999997,
  "I": 13884.03
}