{
  "P": 19405.10000000003,
  "U": 15914.093000000003,
  "I": 14155.266
}