{
  "P": 19387.90000000003,
  "U": 15888.905000000002,
  "I": 14145.933
}