{
  "P": 18999.300000000017,
  "U": 14589.661999999998,
  "I": 13916.881
}