{
  "P": 19370.00000000003,
  "U": 15877.811000000002,
  "I": 14132.274
}