{
  "P": 18789.10000000001,
  "U": 14198.622999999998,
  "I": 13778.917
}