{
  "P": 19226.700000000026,
  "U": 15444.656000000003,
  "I": 14037.895
}