{
  "P": 19201.30000000003,
  "U": 15411.314000000002,
  "I": 14021.771
}