{
  "P": 18138.000000000004,
  "U": 13541.340999999997,
  "I": 13415.619
}