{
  "P": 19028.40000000002,
  "U": 14742.678000000002,
  "I": 13931.128
}