{
  "P": 19233.200000000026,
  "U": 15513.850000000004,
  "I": 14040.981
}