{
  "P": 18102.900000000005,
  "U": 13535.415999999997,
  "I": 13387.887
}