{
  "P": 19046.60000000002,
  "U": 14819.884000000002,
  "I": 13940.914
}