{
  "P": 18676.80000000001,
  "U": 14082.497999999996,
  "I": 13702.034
}