{
  "P": 18933.800000000014,
  "U": 14358.502999999997,
  "I": 13878.55
}