{
  "P": 18237.700000000004,
  "U": 13580.925999999998,
  "I": 13490.442
}