{
  "P": 19399.400000000027,
  "U": 15894.390000000001,
  "I": 14153.352
}