{
  "P": 18551.300000000003,
  "U": 13804.899999999998,
  "I": 13647.389
}