{
  "P": 19008.00000000002,
  "U": 14617.438999999998,
  "I": 13922.6
}