{
  "P": 19072.10000000002,
  "U": 14993.962000000001,
  "I": 13956.035
}