{
  "P": 18185.500000000004,
  "U": 13572.700999999997,
  "I": 13450.965
}