{
  "P": 19132.900000000023,
  "U": 15236.428000000002,
  "I": 13986.972
}