{
  "P": 18795.80000000001,
  "U": 14206.367999999999,
  "I": 13782.964
}