{
  "P": 18332.100000000002,
  "U": 13701.720999999998,
  "I": 13554.57
}