{
  "P": 18161.200000000004,
  "U": 13546.483999999997,
  "I": 13433.098
}