{
  "P": 19432.000000000033,
  "U": 15952.435000000003,
  "I": 14169.864
}