{
  "P": 18619.300000000003,
  "U": 13923.137999999997,
  "I": 13669.115
}