{
  "P": 19467.300000000032,
  "U": 15987.637000000002,
  "I": 14196.248
}