{
  "P": 19323.30000000003,
  "U": 15851.409000000003,
  "I": 14097.068
}