{
  "P": 18648.90000000001,
  "U": 13998.353999999996,
  "I": 13686.716
}