{
  "P": 19008.00000000002,
  "U": 14615.903999999999,
  "I": 13922.6
}