{
  "P": 18511.100000000002,
  "U": 13716.242999999997,
  "I": 13600.415
}