{
  "P": 19349.400000000027,
  "U": 15865.716000000002,
  "I": 14119.34
}