{
  "P": 18785.30000000001,
  "U": 14198.622999999998,
  "I": 13776.998
}