{
  "P": 18904.600000000013,
  "U": 14351.460999999998,
  "I": 13845.67
}