{
  "P": 19249.400000000027,
  "U": 15523.984000000002,
  "I": 14051.022
}