{
  "P": 19143.900000000023,
  "U": 15281.410000000002,
  "I": 13995.415
}