{
  "P": 18664.80000000001,
  "U": 14082.532999999998,
  "I": 13701.26
}