{
  "P": 19375.30000000003,
  "U": 15888.905000000002,
  "I": 14135.071
}