{
  "P": 18289.800000000007,
  "U": 13639.062999999996,
  "I": 13528.198
}