{
  "P": 18543.500000000004,
  "U": 13792.071999999996,
  "I": 13625.953
}