{
  "P": 19283.20000000003,
  "U": 15825.792000000003,
  "I": 14069.048
}