{
  "P": 19334.500000000025,
  "U": 15859.951000000001,
  "I": 14106.121
}