{
  "P": 19143.000000000025,
  "U": 15243.769000000002,
  "I": 13995.415
}