{
  "P": 18944.900000000012,
  "U": 14357.839999999997,
  "I": 13882.377
}