{
  "P": 19171.700000000026,
  "U": 15325.358000000002,
  "I": 14007.954
}