{
  "P": 18970.800000000017,
  "U": 14505.372999999996,
  "I": 13898.661
}