{
  "P": 19230.500000000025,
  "U": 15448.481000000002,
  "I": 14039.519
}