{
  "P": 19259.00000000003,
  "U": 15597.203000000003,
  "I": 14056.944
}