{
  "P": 19078.30000000002,
  "U": 15001.973000000002,
  "I": 13958.9
}