{
  "P": 18310.100000000002,
  "U": 13742.723999999998,
  "I": 13540.771
}