{
  "P": 18926.500000000015,
  "U": 14354.437999999998,
  "I": 13866.471
}