{
  "P": 19212.30000000003,
  "U": 15421.716000000002,
  "I": 14027.56
}