{
  "P": 19419.40000000003,
  "U": 15943.200000000003,
  "I": 14162.156
}