{
  "P": 19124.900000000023,
  "U": 15214.444000000001,
  "I": 13982.645
}