{
  "P": 18985.600000000017,
  "U": 14554.264999999998,
  "I": 13915.333
}