{
  "P": 18772.400000000012,
  "U": 14198.622999999998,
  "I": 13763.306
}