{
  "P": 19374.00000000003,
  "U": 15884.627000000002,
  "I": 14134.269
}