{
  "P": 18707.100000000013,
  "U": 14112.593999999997,
  "I": 13723.258
}