{
  "P": 18140.000000000004,
  "U": 13544.666999999998,
  "I": 13415.631
}