{
  "P": 19400.30000000003,
  "U": 15894.679000000002,
  "I": 14153.809
}