{
  "P": 18704.500000000015,
  "U": 14093.931999999997,
  "I": 13721.76
}