{
  "P": 19271.20000000003,
  "U": 15618.550000000005,
  "I": 14063.739
}