{
  "P": 19305.400000000027,
  "U": 15838.130000000003,
  "I": 14084.365
}