{
  "P": 19358.30000000003,
  "U": 15872.318000000001,
  "I": 14125.606
}