{
  "P": 19088.700000000023,
  "U": 15104.274000000001,
  "I": 13960.901
}