{
  "P": 18606.300000000003,
  "U": 13887.111999999997,
  "I": 13672.154
}