{
  "P": 18799.30000000001,
  "U": 14288.342999999999,
  "I": 13783.162
}