{
  "P": 18664.80000000001,
  "U": 14065.416999999998,
  "I": 13695.532
}