{
  "P": 19408.20000000003,
  "U": 15933.879000000003,
  "I": 14155.387
}