{
  "P": 18569.600000000002,
  "U": 13803.747999999998,
  "I": 13644.67
}