{
  "P": 19259.600000000028,
  "U": 15602.074000000004,
  "I": 14057.506
}