{
  "P": 18640.90000000001,
  "U": 13992.585999999998,
  "I": 13680.522
}