{
  "P": 18972.800000000017,
  "U": 14521.939999999997,
  "I": 13898.921
}