{
  "P": 19754.400000000034,
  "U": 16008.698000000002,
  "I": 14211.575
}