{
  "P": 19233.200000000026,
  "U": 15455.681000000002,
  "I": 14040.981
}