{
  "P": 18976.800000000017,
  "U": 14532.308999999997,
  "I": 13901.007
}