{
  "P": 18926.500000000015,
  "U": 14355.665999999997,
  "I": 13866.658
}