{
  "P": 18795.80000000001,
  "U": 14211.664999999999,
  "I": 13782.964
}