{
  "P": 18596.600000000002,
  "U": 13877.044999999996,
  "I": 13659.676
}