{
  "P": 19083.30000000002,
  "U": 15023.856000000002,
  "I": 13959.374
}