{
  "P": 19244.30000000003,
  "U": 15523.984000000002,
  "I": 14045.976
}