{
  "P": 18290.600000000002,
  "U": 13643.425999999998,
  "I": 13529.577
}