{
  "P": 18705.000000000015,
  "U": 14099.584999999997,
  "I": 13721.862
}