{
  "P": 19407.300000000032,
  "U": 15929.942000000003,
  "I": 14155.337
}