{
  "P": 19421.20000000003,
  "U": 15946.152000000002,
  "I": 14163.58
}