{
  "P": 19442.400000000027,
  "U": 15970.946000000002,
  "I": 14177.357
}