{
  "P": 19273.80000000003,
  "U": 15634.536000000004,
  "I": 14064.718
}