{
  "P": 18636.000000000007,
  "U": 13938.887999999995,
  "I": 13679.151
}