{
  "P": 18647.60000000001,
  "U": 13993.259999999997,
  "I": 13685.48
}