{
  "P": 18622.700000000004,
  "U": 13938.184999999998,
  "I": 13676.914
}