{
  "P": 19077.200000000023,
  "U": 15001.973000000002,
  "I": 13958.9
}