{
  "P": 18762.70000000001,
  "U": 14190.912999999997,
  "I": 13758.656
}