{
  "P": 18973.800000000017,
  "U": 14523.966999999997,
  "I": 13898.996
}