{
  "P": 19027.90000000002,
  "U": 14735.907000000001,
  "I": 13930.83
}