{
  "P": 19211.400000000027,
  "U": 15412.133000000002,
  "I": 14027.453
}