{
  "P": 18950.300000000014,
  "U": 14427.297999999997,
  "I": 13884.827
}