{
  "P": 18933.800000000014,
  "U": 14356.016999999998,
  "I": 13872.52
}