{
  "P": 18944.900000000012,
  "U": 14370.698999999997,
  "I": 13882.377
}