{
  "P": 18684.60000000001,
  "U": 14083.272999999996,
  "I": 13708.726
}