{
  "P": 18917.400000000012,
  "U": 14351.502999999999,
  "I": 13858.806
}