{
  "P": 19233.200000000026,
  "U": 15456.012000000002,
  "I": 14040.981
}