{
  "P": 18950.200000000015,
  "U": 14418.965999999999,
  "I": 13884.827
}