{
  "P": 18707.100000000013,
  "U": 14104.782999999998,
  "I": 13722.56
}