{
  "P": 19405.10000000003,
  "U": 15918.719000000001,
  "I": 14155.266
}