{
  "P": 18140.000000000004,
  "U": 13544.073999999997,
  "I": 13415.631
}