{
  "P": 18804.00000000001,
  "U": 14292.090999999999,
  "I": 13788.213
}