{
  "P": 18622.700000000004,
  "U": 13925.862999999998,
  "I": 13671.764
}