{
  "P": 18973.400000000016,
  "U": 14523.819999999996,
  "I": 13898.951
}