{
  "P": 19435.20000000003,
  "U": 15957.318000000003,
  "I": 14172.695
}