{
  "P": 18677.80000000001,
  "U": 14083.263999999996,
  "I": 13702.307
}