{
  "P": 18789.20000000001,
  "U": 14200.466999999999,
  "I": 13779.059
}