{
  "P": 19334.500000000025,
  "U": 15860.863000000001,
  "I": 14106.121
}