{
  "P": 19232.300000000025,
  "U": 15453.669000000004,
  "I": 14040.981
}