{
  "P": 18985.600000000017,
  "U": 14534.421999999997,
  "I": 13907.182
}