{
  "P": 19001.300000000017,
  "U": 14610.052999999998,
  "I": 13917.283
}