{
  "P": 19419.40000000003,
  "U": 15940.331000000002,
  "I": 14162.156
}