{
  "P": 19280.50000000003,
  "U": 15825.702000000003,
  "I": 14067.533
}