{
  "P": 18562.800000000003,
  "U": 13800.025999999998,
  "I": 13640.227
}