{
  "P": 19407.10000000003,
  "U": 15929.937000000002,
  "I": 14155.322
}