{
  "P": 18951.800000000014,
  "U": 14440.632999999998,
  "I": 13884.987
}