{
  "P": 18952.300000000014,
  "U": 14444.178999999996,
  "I": 13885.015
}