{
  "P": 19464.10000000003,
  "U": 15981.629000000003,
  "I": 14191.785
}