{
  "P": 18685.50000000001,
  "U": 14083.272999999996,
  "I": 13709.569
}