{
  "P": 19275.70000000003,
  "U": 15798.036000000004,
  "I": 14065.336
}