{
  "P": 19402.90000000003,
  "U": 15912.941000000003,
  "I": 14154.316
}