{
  "P": 18743.900000000012,
  "U": 14178.877999999997,
  "I": 13744.677
}