{
  "P": 19370.00000000003,
  "U": 15878.951000000001,
  "I": 14132.274
}