{
  "P": 19442.30000000003,
  "U": 15965.780000000002,
  "I": 14177.238
}