{
  "P": 18622.400000000005,
  "U": 13923.696999999998,
  "I": 13671.676
}