{
  "P": 18953.600000000017,
  "U": 14450.659999999996,
  "I": 13885.678
}