{
  "P": 18970.800000000017,
  "U": 14458.984999999995,
  "I": 13898.661
}