{
  "P": 18900.100000000013,
  "U": 14350.954999999998,
  "I": 13842.779
}