{
  "P": 19294.80000000003,
  "U": 15835.073000000002,
  "I": 14076.947
}