{
  "P": 18310.100000000002,
  "U": 13695.414999999997,
  "I": 13536.906
}