{
  "P": 19405.10000000003,
  "U": 15913.917000000001,
  "I": 14155.266
}