{
  "P": 18970.800000000017,
  "U": 14499.963999999996,
  "I": 13898.661
}