{
  "P": 18917.600000000013,
  "U": 14353.540999999997,
  "I": 13858.806
}