{
  "P": 19274.10000000003,
  "U": 15698.993000000004,
  "I": 14064.718
}