{
  "P": 18765.20000000001,
  "U": 14191.393999999998,
  "I": 13760.434
}