{
  "P": 19158.300000000025,
  "U": 15290.109000000002,
  "I": 13999.661
}