{
  "P": 18112.600000000002,
  "U": 13536.389999999998,
  "I": 13395.245
}