{
  "P": 18332.100000000002,
  "U": 13701.499999999996,
  "I": 13554.57
}