{
  "P": 18947.00000000001,
  "U": 14404.515999999998,
  "I": 13883.693
}