{
  "P": 19208.30000000003,
  "U": 15411.314000000002,
  "I": 14025.156
}