{
  "P": 19406.500000000033,
  "U": 15921.964000000002,
  "I": 14155.299
}