{
  "P": 18951.800000000014,
  "U": 14439.341999999997,
  "I": 13884.987
}