{
  "P": 19001.300000000017,
  "U": 14611.431999999999,
  "I": 13917.283
}