{
  "P": 19402.90000000003,
  "U": 15903.013000000003,
  "I": 14154.221
}