{
  "P": 19390.80000000003,
  "U": 15893.795000000002,
  "I": 14147.547
}