{
  "P": 19007.900000000016,
  "U": 14613.467999999999,
  "I": 13922.547
}