{
  "P": 19270.100000000028,
  "U": 15603.516000000003,
  "I": 14063.579
}