{
  "P": 19126.700000000023,
  "U": 15231.017000000002,
  "I": 13983.103
}