{
  "P": 18161.500000000004,
  "U": 13547.397999999997,
  "I": 13433.166
}