{
  "P": 18699.70000000001,
  "U": 14092.689999999997,
  "I": 13718.504
}