{
  "P": 18884.400000000012,
  "U": 14340.830999999998,
  "I": 13835.63
}