{
  "P": 18242.500000000004,
  "U": 13583.256999999998,
  "I": 13492.965
}