{
  "P": 19309.600000000028,
  "U": 15848.095000000003,
  "I": 14089.871
}