{
  "P": 19121.000000000022,
  "U": 15204.802000000001,
  "I": 13980.666
}