{
  "P": 19349.600000000028,
  "U": 15869.097000000002,
  "I": 14119.34
}