{
  "P": 18795.80000000001,
  "U": 14218.958999999999,
  "I": 13786.869
}