{
  "P": 23443.900000000038,
  "U": 16008.698000000002,
  "I": 14211.575
}