{
  "P": 18088.100000000006,
  "U": 13528.529999999995,
  "I": 13375.032
}