{
  "P": 18707.000000000015,
  "U": 14100.218999999997,
  "I": 13722.56
}