{
  "P": 18886.70000000001,
  "U": 14342.646999999999,
  "I": 13838.819
}