{
  "P": 18944.900000000012,
  "U": 14404.254999999997,
  "I": 13882.377
}