{
  "P": 19212.30000000003,
  "U": 15413.381000000001,
  "I": 14027.56
}