{
  "P": 18640.800000000007,
  "U": 13950.976999999995,
  "I": 13680.522
}