{
  "P": 19063.40000000002,
  "U": 14912.510000000002,
  "I": 13952.477
}