{
  "P": 19127.200000000023,
  "U": 15236.014000000003,
  "I": 13983.169
}