{
  "P": 19405.10000000003,
  "U": 15916.960000000001,
  "I": 14155.266
}