{
  "P": 20961.300000000043,
  "U": 16008.698000000002,
  "I": 14211.575
}