{
  "P": 19279.40000000003,
  "U": 15808.850000000002,
  "I": 14067.525
}