{
  "P": 19477.60000000003,
  "U": 15993.150000000003,
  "I": 14201.018
}