{
  "P": 18756.20000000001,
  "U": 14186.721999999998,
  "I": 13754.919
}