{
  "P": 19231.000000000025,
  "U": 15453.635000000002,
  "I": 14039.695
}