{
  "P": 19270.20000000003,
  "U": 15609.879000000004,
  "I": 14063.579
}