{
  "P": 18532.600000000002,
  "U": 13791.776999999996,
  "I": 13616.633
}