{
  "P": 18723.300000000014,
  "U": 14114.976999999997,
  "I": 13735.018
}