{
  "P": 18637.90000000001,
  "U": 13940.994999999995,
  "I": 13680.112
}