{
  "P": 18650.20000000001,
  "U": 13998.983999999997,
  "I": 13686.917
}