{
  "P": 19256.900000000027,
  "U": 15595.418000000003,
  "I": 14055.982
}