{
  "P": 18573.600000000002,
  "U": 13859.614999999996,
  "I": 13646.862
}