{
  "P": 19280.20000000003,
  "U": 15813.124000000003,
  "I": 14067.533
}