{
  "P": 18811.50000000001,
  "U": 14334.824999999999,
  "I": 13798.42
}