{
  "P": 18706.000000000015,
  "U": 14099.990999999996,
  "I": 13721.981
}