{
  "P": 19126.000000000022,
  "U": 15230.979000000001,
  "I": 13983.063
}