{
  "P": 19177.100000000028,
  "U": 15366.999000000002,
  "I": 14007.954
}