{
  "P": 18970.800000000017,
  "U": 14485.011999999997,
  "I": 13898.661
}