{
  "P": 19284.30000000003,
  "U": 15825.792000000003,
  "I": 14070.044
}