{
  "P": 18076.500000000004,
  "U": 13526.471999999996,
  "I": 13372.232
}