{
  "P": 18974.300000000017,
  "U": 14530.917999999998,
  "I": 13899.031
}