{
  "P": 19033.60000000002,
  "U": 14743.907000000001,
  "I": 13934.026
}