{
  "P": 18299.300000000003,
  "U": 13649.801999999998,
  "I": 13533.041
}