{
  "P": 19143.000000000025,
  "U": 15243.570000000002,
  "I": 13995.385
}