{
  "P": 18906.800000000014,
  "U": 14351.460999999998,
  "I": 13851.924
}