{
  "P": 18088.800000000003,
  "U": 13528.529999999995,
  "I": 13375.032
}