{
  "P": 19171.700000000026,
  "U": 15342.241000000002,
  "I": 14007.954
}