{
  "P": 18203.000000000004,
  "U": 13574.282999999998,
  "I": 13465.633
}