{
  "P": 18211.100000000002,
  "U": 13577.982999999998,
  "I": 13471.91
}