{
  "P": 18104.800000000003,
  "U": 13535.415999999997,
  "I": 13389.09
}