{
  "P": 19230.700000000026,
  "U": 15453.552000000003,
  "I": 14039.524
}