{
  "P": 19075.40000000002,
  "U": 14994.377000000002,
  "I": 13958.097
}