{
  "P": 19066.80000000002,
  "U": 14922.930000000002,
  "I": 13953.032
}