{
  "P": 18332.100000000002,
  "U": 13702.496999999998,
  "I": 13554.577
}