{
  "P": 19081.700000000023,
  "U": 15022.631000000001,
  "I": 13959.371
}