{
  "P": 19433.40000000003,
  "U": 15955.338000000003,
  "I": 14170.844
}