{
  "P": 19294.100000000028,
  "U": 15833.388000000003,
  "I": 14076.675
}