{
  "P": 18951.800000000014,
  "U": 14443.112999999996,
  "I": 13884.987
}