{
  "P": 18744.600000000013,
  "U": 14183.508999999998,
  "I": 13744.914
}