{
  "P": 19237.800000000025,
  "U": 15517.163000000004,
  "I": 14042.719
}