{
  "P": 18706.800000000014,
  "U": 14099.990999999996,
  "I": 13722.475
}