{
  "P": 18655.000000000007,
  "U": 14004.701999999997,
  "I": 13689.885
}