{
  "P": 19390.80000000003,
  "U": 15893.953000000001,
  "I": 14147.816
}