{
  "P": 18727.500000000015,
  "U": 14117.561999999996,
  "I": 13737.393
}