{
  "P": 18639.100000000006,
  "U": 13941.287999999997,
  "I": 13680.112
}