{
  "P": 19419.90000000003,
  "U": 15946.035000000002,
  "I": 14162.529
}