{
  "P": 19227.800000000025,
  "U": 15445.577000000003,
  "I": 14038.017
}