{
  "P": 19233.300000000025,
  "U": 15516.484000000004,
  "I": 14040.981
}