{
  "P": 18944.900000000012,
  "U": 14358.209999999997,
  "I": 13882.377
}