{
  "P": 18290.500000000004,
  "U": 13642.174999999997,
  "I": 13529.513
}