{
  "P": 18970.800000000017,
  "U": 14479.729999999996,
  "I": 13898.661
}