{
  "P": 19171.700000000026,
  "U": 15362.528000000002,
  "I": 14016.247
}