{
  "P": 18654.90000000001,
  "U": 14000.869999999995,
  "I": 13689.804
}