{
  "P": 18852.00000000001,
  "U": 14321.521999999999,
  "I": 13830.436
}