{
  "P": 18268.100000000006,
  "U": 13639.058999999997,
  "I": 13507.204
}