{
  "P": 18723.300000000014,
  "U": 14110.046999999997,
  "I": 13735.018
}