{
  "P": 19213.600000000028,
  "U": 15430.919000000004,
  "I": 14027.56
}