{
  "P": 18707.500000000015,
  "U": 14107.410999999996,
  "I": 13722.616
}