{
  "P": 19046.60000000002,
  "U": 14818.398000000001,
  "I": 13940.914
}