{
  "P": 19171.700000000026,
  "U": 15335.969000000001,
  "I": 14007.954
}