{
  "P": 18952.600000000013,
  "U": 14444.368999999997,
  "I": 13885.073
}