{
  "P": 18834.60000000001,
  "U": 14310.512999999999,
  "I": 13810.042
}