{
  "P": 19293.400000000027,
  "U": 15833.388000000003,
  "I": 14076.675
}