{
  "P": 18642.80000000001,
  "U": 13993.259999999997,
  "I": 13682.823
}