{
  "P": 18732.800000000014,
  "U": 14173.428999999996,
  "I": 13741.324
}