{
  "P": 19279.40000000003,
  "U": 15802.431000000002,
  "I": 14067.525
}