{
  "P": 19232.300000000025,
  "U": 15453.635000000002,
  "I": 14039.695
}