{
  "P": 18864.20000000001,
  "U": 14319.297999999999,
  "I": 13830.511
}