{
  "P": 18970.800000000017,
  "U": 14462.670999999997,
  "I": 13898.661
}