{
  "P": 19457.70000000003,
  "U": 15972.454000000002,
  "I": 14186.931
}