{
  "P": 18622.700000000004,
  "U": 13929.311999999996,
  "I": 13671.764
}