{
  "P": 19226.700000000026,
  "U": 15433.591000000002,
  "I": 14037.88
}