{
  "P": 19083.500000000022,
  "U": 15077.312000000002,
  "I": 13959.374
}