{
  "P": 19213.400000000027,
  "U": 15428.095000000003,
  "I": 14027.56
}