{
  "P": 18238.800000000003,
  "U": 13583.215999999997,
  "I": 13491.154
}