{
  "P": 19419.10000000003,
  "U": 15939.152000000002,
  "I": 14162.155
}