{
  "P": 18973.50000000002,
  "U": 14523.903999999997,
  "I": 13898.979
}