{
  "P": 19334.700000000026,
  "U": 15860.863000000001,
  "I": 14106.44
}