{
  "P": 18210.000000000004,
  "U": 13577.480999999998,
  "I": 13471.718
}