{
  "P": 19284.80000000003,
  "U": 15832.912000000002,
  "I": 14070.276
}