{
  "P": 18950.300000000014,
  "U": 14428.335999999998,
  "I": 13884.827
}