{
  "P": 18255.900000000005,
  "U": 13633.392999999998,
  "I": 13500.237
}