{
  "P": 19044.10000000002,
  "U": 14770.283000000001,
  "I": 13940.564
}