{
  "P": 18970.900000000016,
  "U": 14513.650999999996,
  "I": 13898.661
}