{
  "P": 19199.200000000026,
  "U": 15411.248000000001,
  "I": 14019.02
}