{
  "P": 18951.600000000013,
  "U": 14436.355999999998,
  "I": 13884.987
}