{
  "P": 19250.200000000026,
  "U": 15524.130000000003,
  "I": 14052.031
}