{
  "P": 19250.400000000027,
  "U": 15585.667000000003,
  "I": 14052.031
}