{
  "P": 19320.200000000026,
  "U": 15850.897000000003,
  "I": 14094.912
}