{
  "P": 18636.000000000007,
  "U": 13939.857999999997,
  "I": 13679.151
}