{
  "P": 19439.50000000003,
  "U": 15961.596000000003,
  "I": 14175.565
}