{
  "P": 19088.700000000023,
  "U": 15108.567000000001,
  "I": 13960.901
}