{
  "P": 19270.20000000003,
  "U": 15610.061000000005,
  "I": 14063.579
}