{
  "P": 19082.900000000023,
  "U": 15023.482000000002,
  "I": 13959.374
}