{
  "P": 18533.000000000004,
  "U": 13792.035999999996,
  "I": 13616.644
}