{
  "P": 18705.500000000015,
  "U": 14099.725999999997,
  "I": 13721.91
}