{
  "P": 19055.60000000002,
  "U": 14834.606000000002,
  "I": 13948.045
}