{
  "P": 19102.100000000024,
  "U": 15123.222000000002,
  "I": 13970.383
}