{
  "P": 18933.800000000014,
  "U": 14355.703999999998,
  "I": 13872.52
}