{
  "P": 18299.300000000003,
  "U": 13648.844999999998,
  "I": 13533.041
}