{
  "P": 18945.100000000013,
  "U": 14404.492999999997,
  "I": 13882.452
}