{
  "P": 18090.000000000004,
  "U": 13534.493999999997,
  "I": 13375.297
}