{
  "P": 19103.500000000022,
  "U": 15123.231000000002,
  "I": 13971.141
}