{
  "P": 18565.300000000003,
  "U": 13803.340999999997,
  "I": 13641.491
}