{
  "P": 18531.700000000004,
  "U": 13783.433999999997,
  "I": 13616.469
}