{
  "P": 19467.300000000032,
  "U": 15984.723000000002,
  "I": 14193.623
}