{
  "P": 18704.500000000015,
  "U": 14094.109999999997,
  "I": 13721.862
}