{
  "P": 18949.600000000013,
  "U": 14412.133999999998,
  "I": 13884.76
}