{
  "P": 19261.00000000003,
  "U": 15602.074000000004,
  "I": 14057.506
}