{
  "P": 19226.400000000027,
  "U": 15433.503000000002,
  "I": 14037.864
}