{
  "P": 18944.900000000012,
  "U": 14381.334999999997,
  "I": 13882.377
}