{
  "P": 19407.300000000032,
  "U": 15929.937000000002,
  "I": 14155.322
}