{
  "P": 18334.100000000002,
  "U": 13702.511999999997,
  "I": 13556.699
}