{
  "P": 19408.20000000003,
  "U": 15931.770000000002,
  "I": 14155.387
}