{
  "P": 19285.400000000027,
  "U": 15832.941000000003,
  "I": 14070.454
}