{
  "P": 18926.500000000015,
  "U": 14354.803999999996,
  "I": 13866.471
}