{
  "P": 18171.600000000002,
  "U": 13551.416999999996,
  "I": 13439.709
}