{
  "P": 18346.500000000004,
  "U": 13702.511999999997,
  "I": 13567.997
}