{
  "P": 19072.10000000002,
  "U": 14994.263000000003,
  "I": 13957.058
}