{
  "P": 18768.20000000001,
  "U": 14192.172999999997,
  "I": 13760.886
}