{
  "P": 19242.000000000025,
  "U": 15517.912000000004,
  "I": 14045.556
}