{
  "P": 18654.90000000001,
  "U": 14006.590999999997,
  "I": 13693.074
}