{
  "P": 19212.600000000028,
  "U": 15423.125000000002,
  "I": 14027.56
}