{
  "P": 18304.000000000004,
  "U": 13661.921999999999,
  "I": 13535.938
}