{
  "P": 19250.400000000027,
  "U": 15587.036000000004,
  "I": 14052.031
}