{
  "P": 19067.500000000022,
  "U": 14985.631000000001,
  "I": 13953.032
}