{
  "P": 19133.200000000023,
  "U": 15243.501000000002,
  "I": 13987.18
}