{
  "P": 18215.700000000004,
  "U": 13578.585999999998,
  "I": 13475.538
}