{
  "P": 19112.700000000023,
  "U": 15196.880000000001,
  "I": 13976.552
}