{
  "P": 19242.000000000025,
  "U": 15518.696000000004,
  "I": 14045.655
}