{
  "P": 19463.40000000003,
  "U": 15981.592000000002,
  "I": 14190.998
}