{
  "P": 21080.900000000045,
  "U": 16008.698000000002,
  "I": 14211.575
}