{
  "P": 19481.300000000032,
  "U": 15996.185000000003,
  "I": 14202.599
}