{
  "P": 18687.20000000001,
  "U": 14083.272999999996,
  "I": 13709.569
}