{
  "P": 18884.400000000012,
  "U": 14342.071999999998,
  "I": 13835.63
}