{
  "P": 19055.60000000002,
  "U": 14832.014000000001,
  "I": 13948.045
}