{
  "P": 18811.50000000001,
  "U": 14299.037999999999,
  "I": 13790.791
}