{
  "P": 19274.20000000003,
  "U": 15716.988000000003,
  "I": 14064.718
}