{
  "P": 19133.100000000024,
  "U": 15242.871000000001,
  "I": 13987.18
}