{
  "P": 19079.10000000002,
  "U": 15011.247000000001,
  "I": 13958.993
}