{
  "P": 19457.70000000003,
  "U": 15984.072000000002,
  "I": 14196.624
}