{
  "P": 18109.700000000004,
  "U": 13535.839999999997,
  "I": 13394.169
}