{
  "P": 18696.100000000013,
  "U": 14092.629999999997,
  "I": 13716.619
}