{
  "P": 19275.70000000003,
  "U": 15801.007000000003,
  "I": 14065.336
}