{
  "P": 18985.600000000017,
  "U": 14563.923999999997,
  "I": 13907.182
}