{
  "P": 18501.800000000003,
  "U": 13709.647999999997,
  "I": 13594.283
}