{
  "P": 19230.700000000026,
  "U": 15452.738000000003,
  "I": 14039.519
}