{
  "P": 18649.50000000001,
  "U": 13998.983999999997,
  "I": 13686.917
}