{
  "P": 18651.30000000001,
  "U": 13998.983999999997,
  "I": 13687.534
}