{
  "P": 19092.700000000023,
  "U": 15123.187000000002,
  "I": 13963.144
}