{
  "P": 19280.90000000003,
  "U": 15825.792000000003,
  "I": 14068.021
}