{
  "P": 18161.600000000002,
  "U": 13549.266999999996,
  "I": 13433.166
}