{
  "P": 19275.50000000003,
  "U": 15796.187000000004,
  "I": 14065.231
}