{
  "P": 18943.400000000012,
  "U": 14357.759999999997,
  "I": 13881.005
}