{
  "P": 19279.70000000003,
  "U": 15811.283000000003,
  "I": 14067.525
}