{
  "P": 19300.30000000003,
  "U": 15838.130000000003,
  "I": 14084.365
}