{
  "P": 19358.30000000003,
  "U": 15872.070000000002,
  "I": 14125.606
}