{
  "P": 18974.300000000017,
  "U": 14529.004999999997,
  "I": 13899.031
}