{
  "P": 18218.800000000003,
  "U": 13578.621999999998,
  "I": 13477.886
}