{
  "P": 18967.700000000015,
  "U": 14458.502999999995,
  "I": 13897.02
}