{
  "P": 19029.30000000002,
  "U": 14743.153000000002,
  "I": 13931.225
}