{
  "P": 19008.00000000002,
  "U": 14616.483999999999,
  "I": 13922.6
}