{
  "P": 18290.400000000005,
  "U": 13639.078999999996,
  "I": 13529.447
}