{
  "P": 19274.30000000003,
  "U": 15794.564000000002,
  "I": 14064.718
}