{
  "P": 18974.300000000017,
  "U": 14524.103999999996,
  "I": 13899.031
}