{
  "P": 18811.30000000001,
  "U": 14294.589999999998,
  "I": 13790.791
}