{
  "P": 19213.600000000028,
  "U": 15429.050000000003,
  "I": 14027.56
}