{
  "P": 19270.100000000028,
  "U": 15604.437000000004,
  "I": 14063.579
}