{
  "P": 18947.900000000012,
  "U": 14404.517999999998,
  "I": 13883.954
}