{
  "P": 19062.60000000002,
  "U": 14851.240000000002,
  "I": 13952.365
}