{
  "P": 18731.100000000013,
  "U": 14172.876999999997,
  "I": 13738.774
}