{
  "P": 18789.50000000001,
  "U": 14203.668999999998,
  "I": 13779.272
}