{
  "P": 19022.40000000002,
  "U": 14631.010999999999,
  "I": 13929.801
}