{
  "P": 18641.000000000007,
  "U": 13993.212999999996,
  "I": 13680.522
}