{
  "P": 19463.10000000003,
  "U": 15981.317000000003,
  "I": 14190.998
}