{
  "P": 19402.00000000003,
  "U": 15898.223000000002,
  "I": 14154.126
}