{
  "P": 19194.900000000027,
  "U": 15404.043000000001,
  "I": 14015.785
}