{
  "P": 19213.400000000027,
  "U": 15426.732000000002,
  "I": 14027.56
}