{
  "P": 19133.100000000024,
  "U": 15237.309000000003,
  "I": 13987.18
}