{
  "P": 18639.100000000006,
  "U": 13941.989999999996,
  "I": 13680.245
}