{
  "P": 19185.400000000027,
  "U": 15400.705000000002,
  "I": 14012.118
}