{
  "P": 19113.100000000024,
  "U": 15196.926000000001,
  "I": 13976.642
}