{
  "P": 19445.400000000027,
  "U": 15970.947000000002,
  "I": 14177.986
}