{
  "P": 18707.100000000013,
  "U": 14104.447999999997,
  "I": 13722.56
}