{
  "P": 18489.100000000002,
  "U": 13708.541999999998,
  "I": 13586.056
}