{
  "P": 18951.800000000014,
  "U": 14440.003999999997,
  "I": 13884.987
}