{
  "P": 18944.900000000012,
  "U": 14361.964999999997,
  "I": 13882.377
}