{
  "P": 18636.000000000007,
  "U": 13936.488999999996,
  "I": 13679.151
}