{
  "P": 18972.800000000017,
  "U": 14516.052999999996,
  "I": 13898.921
}