{
  "P": 19402.00000000003,
  "U": 15909.610000000002,
  "I": 14160.705
}