{
  "P": 19266.30000000003,
  "U": 15602.608000000004,
  "I": 14063.073
}