{
  "P": 18815.50000000001,
  "U": 14300.098999999998,
  "I": 13793.34
}