{
  "P": 19419.40000000003,
  "U": 15941.643000000002,
  "I": 14162.156
}