{
  "P": 19433.40000000003,
  "U": 15960.838000000003,
  "I": 14174.296
}