{
  "P": 18724.500000000015,
  "U": 14117.561999999996,
  "I": 13735.637
}