{
  "P": 18532.200000000004,
  "U": 13783.776999999996,
  "I": 13616.593
}