{
  "P": 18647.700000000008,
  "U": 13993.290999999997,
  "I": 13686.15
}