{
  "P": 19280.50000000003,
  "U": 15824.276000000002,
  "I": 14067.533
}