{
  "P": 18723.300000000014,
  "U": 14108.282999999998,
  "I": 13735.018
}