{
  "P": 18762.70000000001,
  "U": 14189.678999999998,
  "I": 13758.51
}