{
  "P": 18651.30000000001,
  "U": 13998.986999999996,
  "I": 13688.305
}