{
  "P": 18327.600000000002,
  "U": 13698.631999999998,
  "I": 13551.425
}