{
  "P": 18944.900000000012,
  "U": 14388.722999999998,
  "I": 13882.377
}