{
  "P": 19026.10000000002,
  "U": 14733.427000000001,
  "I": 13930.243
}