{
  "P": 19401.80000000003,
  "U": 15894.679000000002,
  "I": 14153.809
}