{
  "P": 18596.600000000002,
  "U": 13877.074999999997,
  "I": 13660.475
}