{
  "P": 18707.100000000013,
  "U": 14107.092999999997,
  "I": 13722.56
}