{
  "P": 18836.50000000001,
  "U": 14311.492999999999,
  "I": 13810.266
}