{
  "P": 19281.70000000003,
  "U": 15825.792000000003,
  "I": 14068.021
}