{
  "P": 18636.800000000007,
  "U": 13940.073999999997,
  "I": 13679.357
}