{
  "P": 18971.100000000017,
  "U": 14513.650999999996,
  "I": 13898.661
}