{
  "P": 19198.900000000027,
  "U": 15410.084000000003,
  "I": 14019.02
}