{
  "P": 18567.500000000004,
  "U": 13803.340999999997,
  "I": 13644.101
}