{
  "P": 18237.700000000004,
  "U": 13579.315999999997,
  "I": 13490.442
}