{
  "P": 19144.900000000023,
  "U": 15282.543000000001,
  "I": 13995.661
}