{
  "P": 19230.500000000025,
  "U": 15452.303000000004,
  "I": 14039.519
}