{
  "P": 18953.200000000015,
  "U": 14449.154999999997,
  "I": 13885.149
}