{
  "P": 18606.300000000003,
  "U": 13883.696999999998,
  "I": 13665.764
}