{
  "P": 19427.300000000032,
  "U": 15949.614000000001,
  "I": 14167.392
}