{
  "P": 18299.300000000003,
  "U": 13651.289999999997,
  "I": 13533.041
}