{
  "P": 19198.900000000027,
  "U": 15406.141000000001,
  "I": 14019.02
}