{
  "P": 18918.600000000013,
  "U": 14353.547999999997,
  "I": 13859.366
}