{
  "P": 18664.80000000001,
  "U": 14086.821999999996,
  "I": 13701.26
}