{
  "P": 19256.80000000003,
  "U": 15594.625000000004,
  "I": 14055.982
}