{
  "P": 19284.600000000028,
  "U": 15832.912000000002,
  "I": 14070.276
}