{
  "P": 19548.70000000003,
  "U": 16008.698000000002,
  "I": 14211.575
}