{
  "P": 18310.100000000002,
  "U": 13742.486999999997,
  "I": 13540.771
}