{
  "P": 19028.40000000002,
  "U": 14740.961000000001,
  "I": 13931.128
}