{
  "P": 18140.000000000004,
  "U": 13550.142999999996,
  "I": 13436.017
}