{
  "P": 19083.500000000022,
  "U": 15039.094000000001,
  "I": 13959.374
}