{
  "P": 18948.300000000014,
  "U": 14438.345999999998,
  "I": 13885.897
}