{
  "P": 19147.100000000024,
  "U": 15282.543000000001,
  "I": 13996.533
}