{
  "P": 19213.600000000028,
  "U": 15431.774000000003,
  "I": 14027.56
}