{
  "P": 18644.200000000008,
  "U": 13993.259999999997,
  "I": 13683.823
}