{
  "P": 19212.30000000003,
  "U": 15418.687000000002,
  "I": 14027.56
}