{
  "P": 19349.400000000027,
  "U": 15868.587000000001,
  "I": 14119.34
}