{
  "P": 18287.300000000007,
  "U": 13639.062999999996,
  "I": 13528.198
}