{
  "P": 18551.300000000003,
  "U": 13798.531999999997,
  "I": 13632.011
}