{
  "P": 19269.40000000003,
  "U": 15603.078000000005,
  "I": 14063.278
}