{
  "P": 18367.300000000003,
  "U": 13706.031999999997,
  "I": 13578.614
}