{
  "P": 19185.500000000025,
  "U": 15402.198000000002,
  "I": 14012.118
}