{
  "P": 19109.10000000002,
  "U": 15147.044000000002,
  "I": 13974.058
}