{
  "P": 18656.40000000001,
  "U": 14004.705999999996,
  "I": 13690.21
}