{
  "P": 19419.50000000003,
  "U": 15945.178000000002,
  "I": 14162.156
}