{
  "P": 19044.10000000002,
  "U": 14779.344000000001,
  "I": 13940.564
}