{
  "P": 18636.000000000007,
  "U": 13939.290999999996,
  "I": 13679.151
}