{
  "P": 18557.300000000003,
  "U": 13799.128999999997,
  "I": 13638.457
}