{
  "P": 19227.100000000028,
  "U": 15445.577000000003,
  "I": 14038.017
}