{
  "P": 18722.20000000001,
  "U": 14107.660999999996,
  "I": 13734.402
}