{
  "P": 19199.000000000025,
  "U": 15411.248000000001,
  "I": 14019.02
}