{
  "P": 19024.80000000002,
  "U": 14679.274000000001,
  "I": 13929.983
}