{
  "P": 18730.000000000015,
  "U": 14120.089999999997,
  "I": 13738.546
}