{
  "P": 19240.600000000028,
  "U": 15517.801000000003,
  "I": 14045.526
}