{
  "P": 19418.20000000003,
  "U": 15938.712000000003,
  "I": 14161.174
}