{
  "P": 18258.700000000004,
  "U": 13638.855999999996,
  "I": 13501.151
}