{
  "P": 18699.70000000001,
  "U": 14092.792999999998,
  "I": 13719.951
}