{
  "P": 18696.100000000013,
  "U": 14091.933999999997,
  "I": 13716.619
}