{
  "P": 19431.500000000033,
  "U": 15952.435000000003,
  "I": 14169.864
}