{
  "P": 18140.300000000003,
  "U": 13544.666999999998,
  "I": 13415.631
}