{
  "P": 21668.700000000048,
  "U": 16008.698000000002,
  "I": 14211.575
}