{
  "P": 19133.100000000024,
  "U": 15243.283000000001,
  "I": 13987.18
}