{
  "P": 18249.700000000004,
  "U": 13617.237999999998,
  "I": 13496.322
}