{
  "P": 18971.50000000002,
  "U": 14515.068999999996,
  "I": 13898.698
}