{
  "P": 19443.20000000003,
  "U": 15970.947000000002,
  "I": 14177.986
}