{
  "P": 19273.70000000003,
  "U": 15626.810000000003,
  "I": 14064.718
}