{
  "P": 18561.600000000002,
  "U": 13799.337999999998,
  "I": 13640.071
}