{
  "P": 19183.600000000028,
  "U": 15368.159000000001,
  "I": 14012.118
}