{
  "P": 18806.80000000001,
  "U": 14292.090999999999,
  "I": 13788.213
}