{
  "P": 18249.700000000004,
  "U": 13635.337999999998,
  "I": 13502.202
}