{
  "P": 19939.80000000004,
  "U": 16008.698000000002,
  "I": 14211.575
}