{
  "P": 19242.500000000025,
  "U": 15523.856000000003,
  "I": 14045.655
}