{
  "P": 19121.200000000023,
  "U": 15210.417000000001,
  "I": 13980.666
}