{
  "P": 19274.10000000003,
  "U": 15700.434000000003,
  "I": 14064.718
}