{
  "P": 18754.400000000012,
  "U": 14183.719999999998,
  "I": 13753.416
}