{
  "P": 18730.50000000001,
  "U": 14172.876999999997,
  "I": 13738.774
}