{
  "P": 18951.700000000015,
  "U": 14437.168999999996,
  "I": 13884.987
}