{
  "P": 19442.30000000003,
  "U": 15966.398000000003,
  "I": 14177.238
}