{
  "P": 19368.80000000003,
  "U": 15875.616000000002,
  "I": 14132.197
}