{
  "P": 18234.500000000004,
  "U": 13578.665999999997,
  "I": 13489.514
}