{
  "P": 19171.800000000025,
  "U": 15361.874000000002,
  "I": 14007.954
}