{
  "P": 19109.400000000023,
  "U": 15177.658000000001,
  "I": 13976.975
}