{
  "P": 18612.100000000002,
  "U": 13913.010999999997,
  "I": 13666.38
}