{
  "P": 20448.600000000042,
  "U": 16008.698000000002,
  "I": 14211.575
}