{
  "P": 18667.50000000001,
  "U": 14076.682999999997,
  "I": 13696.216
}