{
  "P": 18691.30000000001,
  "U": 14087.691999999997,
  "I": 13713.609
}