{
  "P": 18730.400000000012,
  "U": 14142.659999999998,
  "I": 13738.567
}