{
  "P": 19046.500000000022,
  "U": 14818.398000000001,
  "I": 13940.914
}