{
  "P": 19284.30000000003,
  "U": 15826.210000000003,
  "I": 14070.262
}