{
  "P": 18551.300000000003,
  "U": 13799.000999999997,
  "I": 13632.023
}