{
  "P": 18674.50000000001,
  "U": 14077.354999999998,
  "I": 13701.736
}