{
  "P": 19479.200000000033,
  "U": 15993.150000000003,
  "I": 14201.018
}