{
  "P": 19023.30000000002,
  "U": 14671.067000000001,
  "I": 13929.835
}