{
  "P": 18763.70000000001,
  "U": 14190.945999999998,
  "I": 13759.112
}