{
  "P": 19033.90000000002,
  "U": 14747.882000000001,
  "I": 13934.026
}