{
  "P": 18730.000000000015,
  "U": 14118.712999999996,
  "I": 13738.412
}