{
  "P": 19143.100000000024,
  "U": 15253.328000000001,
  "I": 14003.65
}