{
  "P": 19390.600000000028,
  "U": 15896.784000000001,
  "I": 14160.825
}