{
  "P": 18664.80000000001,
  "U": 14019.998999999996,
  "I": 13695.532
}