{
  "P": 18730.400000000012,
  "U": 14165.073999999997,
  "I": 13738.567
}