{
  "P": 18489.100000000002,
  "U": 13708.151999999998,
  "I": 13585.882
}