{
  "P": 18210.000000000004,
  "U": 13575.305999999997,
  "I": 13471.71
}