{
  "P": 19065.500000000022,
  "U": 14915.034000000001,
  "I": 13953.027
}