{
  "P": 18792.50000000001,
  "U": 14204.007999999998,
  "I": 13781.7
}