{
  "P": 19046.60000000002,
  "U": 14864.435000000001,
  "I": 13941.264
}