{
  "P": 18768.50000000001,
  "U": 14198.465999999999,
  "I": 13760.914
}