{
  "P": 19445.400000000027,
  "U": 15971.024000000001,
  "I": 14179.759
}