{
  "P": 18768.50000000001,
  "U": 14197.549999999997,
  "I": 13760.914
}