{
  "P": 19256.80000000003,
  "U": 15630.894000000004,
  "I": 14059.933
}