{
  "P": 18970.800000000017,
  "U": 14461.974999999997,
  "I": 13898.661
}