{
  "P": 18666.00000000001,
  "U": 14076.682999999997,
  "I": 13696.216
}