{
  "P": 18092.200000000004,
  "U": 13535.415999999997,
  "I": 13376.32
}