{
  "P": 19001.300000000017,
  "U": 14612.456999999999,
  "I": 13917.283
}