{
  "P": 18819.50000000001,
  "U": 14306.249999999998,
  "I": 13796.989
}