{
  "P": 19233.200000000026,
  "U": 15495.898000000003,
  "I": 14040.981
}