{
  "P": 19309.600000000028,
  "U": 15849.335000000003,
  "I": 14089.871
}