{
  "P": 18086.500000000004,
  "U": 13527.241999999997,
  "I": 13374.98
}