{
  "P": 18085.300000000003,
  "U": 13527.241999999997,
  "I": 13374.98
}