{
  "P": 18897.70000000001,
  "U": 14346.983999999999,
  "I": 13841.79
}