{
  "P": 19280.20000000003,
  "U": 15814.511000000002,
  "I": 14067.533
}