{
  "P": 18222.100000000002,
  "U": 13578.621999999998,
  "I": 13477.886
}