{
  "P": 18917.500000000015,
  "U": 14352.919999999998,
  "I": 13858.806
}