{
  "P": 18740.400000000012,
  "U": 14176.441999999997,
  "I": 13743.543
}