{
  "P": 18707.100000000013,
  "U": 14103.837999999996,
  "I": 13722.56
}