{
  "P": 19128.30000000002,
  "U": 15236.428000000002,
  "I": 13983.527
}