{
  "P": 19109.400000000023,
  "U": 15181.276000000002,
  "I": 13974.058
}