{
  "P": 19410.40000000003,
  "U": 15938.142000000002,
  "I": 14157.619
}