{
  "P": 19172.600000000028,
  "U": 15364.919000000002,
  "I": 14007.954
}