{
  "P": 19402.00000000003,
  "U": 15899.782000000003,
  "I": 14154.126
}