{
  "P": 18609.700000000004,
  "U": 13910.263999999997,
  "I": 13665.767
}