{
  "P": 19358.30000000003,
  "U": 15870.964000000002,
  "I": 14125.606
}