{
  "P": 18531.300000000003,
  "U": 13783.331999999997,
  "I": 13616.156
}