{
  "P": 18302.200000000004,
  "U": 13651.850999999997,
  "I": 13534.659
}