{
  "P": 18090.000000000004,
  "U": 13531.180999999997,
  "I": 13375.297
}