{
  "P": 18648.80000000001,
  "U": 13996.947999999997,
  "I": 13686.534
}