{
  "P": 18507.300000000003,
  "U": 13716.242999999997,
  "I": 13598.175
}