{
  "P": 18730.400000000012,
  "U": 14126.203999999996,
  "I": 13738.567
}