{
  "P": 19079.10000000002,
  "U": 15006.290000000003,
  "I": 13958.993
}