{
  "P": 19428.500000000033,
  "U": 15951.427000000003,
  "I": 14167.727
}