{
  "P": 18238.100000000006,
  "U": 13583.214999999998,
  "I": 13490.442
}