{
  "P": 18970.800000000017,
  "U": 14460.464999999997,
  "I": 13898.661
}