{
  "P": 19631.200000000037,
  "U": 16008.698000000002,
  "I": 14211.575
}