{
  "P": 18636.000000000007,
  "U": 13943.563999999997,
  "I": 13682.099
}