{
  "P": 18249.700000000004,
  "U": 13632.877999999997,
  "I": 13496.322
}