{
  "P": 18951.800000000014,
  "U": 14450.696999999996,
  "I": 13885.147
}