{
  "P": 18953.200000000015,
  "U": 14456.923999999997,
  "I": 13885.311
}