{
  "P": 19402.20000000003,
  "U": 15902.421000000002,
  "I": 14154.126
}