{
  "P": 18140.000000000004,
  "U": 13541.635999999997,
  "I": 13415.631
}