{
  "P": 19334.500000000025,
  "U": 15860.723000000002,
  "I": 14106.121
}