{
  "P": 19067.10000000002,
  "U": 14983.809000000001,
  "I": 13953.032
}