{
  "P": 18884.400000000012,
  "U": 14338.449999999999,
  "I": 13835.63
}