{
  "P": 18755.500000000015,
  "U": 14186.721999999998,
  "I": 13754.307
}