{
  "P": 19067.70000000002,
  "U": 14985.999000000002,
  "I": 13953.032
}