{
  "P": 19212.50000000003,
  "U": 15422.647000000003,
  "I": 14027.56
}