{
  "P": 19133.100000000024,
  "U": 15243.501000000002,
  "I": 13987.18
}