{
  "P": 18253.900000000005,
  "U": 13632.975999999997,
  "I": 13499.069
}