{
  "P": 19463.10000000003,
  "U": 15978.278000000002,
  "I": 14190.998
}