{
  "P": 18950.100000000013,
  "U": 14418.965999999999,
  "I": 13884.827
}