{
  "P": 18730.400000000012,
  "U": 14120.624999999996,
  "I": 13738.567
}