{
  "P": 18707.100000000013,
  "U": 14112.829999999996,
  "I": 13723.258
}