{
  "P": 18952.300000000014,
  "U": 14443.771999999997,
  "I": 13884.987
}