{
  "P": 19226.700000000026,
  "U": 15439.786000000002,
  "I": 14037.895
}