{
  "P": 19046.60000000002,
  "U": 14825.287000000002,
  "I": 13940.914
}