{
  "P": 18507.600000000002,
  "U": 13716.242999999997,
  "I": 13598.175
}