{
  "P": 19283.600000000028,
  "U": 15825.792000000003,
  "I": 14070.044
}