{
  "P": 19143.300000000025,
  "U": 15258.339000000002,
  "I": 13995.415
}