{
  "P": 19085.80000000002,
  "U": 15095.445000000002,
  "I": 13960.612
}