{
  "P": 19074.40000000002,
  "U": 14994.263000000003,
  "I": 13957.058
}