{
  "P": 19001.300000000017,
  "U": 14613.432999999999,
  "I": 13917.283
}