{
  "P": 19063.40000000002,
  "U": 14913.526000000002,
  "I": 13952.531
}