{
  "P": 18655.60000000001,
  "U": 14004.705999999996,
  "I": 13690.21
}