{
  "P": 18236.100000000002,
  "U": 13579.026999999998,
  "I": 13490.105
}