{
  "P": 18192.600000000002,
  "U": 13574.282999999998,
  "I": 13457.508
}