{
  "P": 19259.600000000028,
  "U": 15602.043000000003,
  "I": 14056.944
}