{
  "P": 18735.100000000013,
  "U": 14173.428999999996,
  "I": 13741.324
}