{
  "P": 19280.50000000003,
  "U": 15823.609000000002,
  "I": 14067.533
}