{
  "P": 19370.00000000003,
  "U": 15880.418000000001,
  "I": 14132.274
}