{
  "P": 19403.800000000032,
  "U": 15908.887000000002,
  "I": 14155.071
}