{
  "P": 18606.300000000003,
  "U": 13878.625999999997,
  "I": 13665.761
}