{
  "P": 18974.00000000002,
  "U": 14523.995999999997,
  "I": 13898.999
}