{
  "P": 19213.600000000028,
  "U": 15430.009000000002,
  "I": 14027.56
}