{
  "P": 18933.700000000015,
  "U": 14355.703999999998,
  "I": 13872.52
}