{
  "P": 19470.800000000032,
  "U": 15993.150000000003,
  "I": 14197.082
}