{
  "P": 19171.700000000026,
  "U": 15358.912000000002,
  "I": 14007.954
}