{
  "P": 19279.40000000003,
  "U": 15804.377000000002,
  "I": 14067.525
}