{
  "P": 19212.30000000003,
  "U": 15415.586000000001,
  "I": 14027.56
}