{
  "P": 18636.000000000007,
  "U": 13943.783999999996,
  "I": 13682.099
}