{
  "P": 19273.70000000003,
  "U": 15631.648000000003,
  "I": 14065.697
}