{
  "P": 18186.800000000003,
  "U": 13574.282999999998,
  "I": 13451.282
}