{
  "P": 19066.000000000022,
  "U": 14922.428000000002,
  "I": 13953.027
}