{
  "P": 18562.800000000003,
  "U": 13802.714999999997,
  "I": 13640.227
}