{
  "P": 18085.300000000003,
  "U": 13526.699999999995,
  "I": 13374.736
}