{
  "P": 18693.600000000013,
  "U": 14087.693999999996,
  "I": 13715.114
}