{
  "P": 19374.00000000003,
  "U": 15886.215000000002,
  "I": 14134.269
}