{
  "P": 18306.800000000003,
  "U": 13674.482999999998,
  "I": 13535.938
}