{
  "P": 19402.90000000003,
  "U": 15908.699000000002,
  "I": 14154.221
}