{
  "P": 18928.100000000013,
  "U": 14355.665999999997,
  "I": 13868.139
}