{
  "P": 18917.500000000015,
  "U": 14352.297999999999,
  "I": 13858.806
}