{
  "P": 19463.10000000003,
  "U": 15980.050000000003,
  "I": 14190.998
}