{
  "P": 19309.80000000003,
  "U": 15850.059000000003,
  "I": 14090.081
}