{
  "P": 18985.600000000017,
  "U": 14563.478999999998,
  "I": 13907.182
}