{
  "P": 18527.700000000004,
  "U": 13782.989999999996,
  "I": 13614.527
}