{
  "P": 18210.000000000004,
  "U": 13576.578999999998,
  "I": 13471.71
}