{
  "P": 19158.300000000025,
  "U": 15289.918000000001,
  "I": 13999.661
}