{
  "P": 18952.000000000015,
  "U": 14443.771999999997,
  "I": 13884.987
}