{
  "P": 18949.400000000012,
  "U": 14412.133999999998,
  "I": 13884.76
}