{
  "P": 18967.300000000017,
  "U": 14457.720999999996,
  "I": 13896.786
}