{
  "P": 19226.700000000026,
  "U": 15442.878000000002,
  "I": 14037.895
}