{
  "P": 19312.80000000003,
  "U": 15850.732000000002,
  "I": 14090.873
}