{
  "P": 18917.500000000015,
  "U": 14351.502999999999,
  "I": 13858.806
}