{
  "P": 19235.600000000028,
  "U": 15517.163000000004,
  "I": 14042.719
}