{
  "P": 19233.200000000026,
  "U": 15453.972000000003,
  "I": 14040.981
}