{
  "P": 19457.70000000003,
  "U": 15973.695000000002,
  "I": 14186.931
}