{
  "P": 18648.80000000001,
  "U": 14014.870999999996,
  "I": 13692.546
}