{
  "P": 18072.300000000003,
  "U": 13526.471999999996,
  "I": 13368.931
}