{
  "P": 19090.200000000023,
  "U": 15112.085000000001,
  "I": 13961.272
}