{
  "P": 18933.800000000014,
  "U": 14356.108999999997,
  "I": 13872.52
}