{
  "P": 18757.20000000001,
  "U": 14186.891999999998,
  "I": 13756.325
}