{
  "P": 18635.600000000006,
  "U": 13936.117999999997,
  "I": 13678.716
}