{
  "P": 19426.60000000003,
  "U": 15946.785000000002,
  "I": 14166.642
}