{
  "P": 19249.600000000028,
  "U": 15524.000000000004,
  "I": 14051.669
}