{
  "P": 18950.300000000014,
  "U": 14452.763999999997,
  "I": 13885.517
}