{
  "P": 18739.00000000001,
  "U": 14176.435999999998,
  "I": 13742.409
}