{
  "P": 19197.900000000027,
  "U": 15404.240000000002,
  "I": 14018.926
}