{
  "P": 19259.00000000003,
  "U": 15605.693000000005,
  "I": 14057.906
}