{
  "P": 19046.30000000002,
  "U": 14818.045000000002,
  "I": 13940.835
}