{
  "P": 18791.00000000001,
  "U": 14203.917999999998,
  "I": 13780.25
}