{
  "P": 18732.800000000014,
  "U": 14173.423999999997,
  "I": 13739.303
}