{
  "P": 18986.00000000002,
  "U": 14567.088999999998,
  "I": 13907.193
}