{
  "P": 18096.300000000003,
  "U": 13535.415999999997,
  "I": 13379.556
}