{
  "P": 19274.10000000003,
  "U": 15694.177000000003,
  "I": 14064.718
}