{
  "P": 18968.300000000017,
  "U": 14458.502999999995,
  "I": 13897.02
}