{
  "P": 18310.100000000002,
  "U": 13698.631999999998,
  "I": 13536.906
}