{
  "P": 19270.30000000003,
  "U": 15613.709000000004,
  "I": 14063.739
}