{
  "P": 19111.900000000023,
  "U": 15196.880000000001,
  "I": 13976.552
}