{
  "P": 18972.800000000017,
  "U": 14521.229999999996,
  "I": 13898.921
}