{
  "P": 19213.600000000028,
  "U": 15431.518000000002,
  "I": 14027.56
}