{
  "P": 18293.200000000004,
  "U": 13643.798999999997,
  "I": 13530.571
}