{
  "P": 18310.100000000002,
  "U": 13697.580999999998,
  "I": 13536.906
}