{
  "P": 19480.500000000033,
  "U": 15993.155000000002,
  "I": 14202.328
}