{
  "P": 18973.800000000017,
  "U": 14523.995999999997,
  "I": 13898.999
}