{
  "P": 18736.400000000012,
  "U": 14174.590999999997,
  "I": 13741.702
}