{
  "P": 18900.100000000013,
  "U": 14350.817999999997,
  "I": 13842.779
}