{
  "P": 19259.00000000003,
  "U": 15599.144000000004,
  "I": 14056.944
}