{
  "P": 18948.300000000014,
  "U": 14412.004999999997,
  "I": 13884.137
}