{
  "P": 18953.100000000013,
  "U": 14445.374999999996,
  "I": 13885.149
}