{
  "P": 19291.50000000003,
  "U": 15833.057000000003,
  "I": 14076.234
}