{
  "P": 18215.700000000004,
  "U": 13578.459999999997,
  "I": 13473.692
}