{
  "P": 18892.600000000013,
  "U": 14342.646999999999,
  "I": 13841.381
}