{
  "P": 18135.500000000004,
  "U": 13541.304999999997,
  "I": 13411.103
}