{
  "P": 18332.100000000002,
  "U": 13705.337999999998,
  "I": 13572.234
}