{
  "P": 19091.400000000023,
  "U": 15122.855000000001,
  "I": 13961.272
}