{
  "P": 19390.600000000028,
  "U": 15892.542000000001,
  "I": 14147.547
}