{
  "P": 19406.70000000003,
  "U": 15922.964000000002,
  "I": 14155.322
}