{
  "P": 18248.900000000005,
  "U": 13586.353999999998,
  "I": 13496.313
}