{
  "P": 19033.60000000002,
  "U": 14743.627000000002,
  "I": 13934.019
}