{
  "P": 18834.50000000001,
  "U": 14307.359999999999,
  "I": 13810.035
}