{
  "P": 18086.500000000004,
  "U": 13527.907999999996,
  "I": 13374.98
}