{
  "P": 19076.10000000002,
  "U": 14994.447000000002,
  "I": 13958.595
}