{
  "P": 19067.70000000002,
  "U": 14985.631000000001,
  "I": 13953.032
}