{
  "P": 19279.40000000003,
  "U": 15814.260000000004,
  "I": 14069.714
}