{
  "P": 18090.000000000004,
  "U": 13534.596999999996,
  "I": 13375.297
}