{
  "P": 19158.500000000025,
  "U": 15318.804000000002,
  "I": 13999.661
}