{
  "P": 18654.90000000001,
  "U": 13999.831999999997,
  "I": 13689.804
}