{
  "P": 19274.60000000003,
  "U": 15796.187000000004,
  "I": 14064.779
}