{
  "P": 19372.80000000003,
  "U": 15881.233000000002,
  "I": 14134.033
}