{
  "P": 18237.400000000005,
  "U": 13579.315999999997,
  "I": 13490.442
}