{
  "P": 19001.400000000016,
  "U": 14613.432999999999,
  "I": 13917.283
}