{
  "P": 18290.500000000004,
  "U": 13640.419999999996,
  "I": 13529.513
}