{
  "P": 19271.20000000003,
  "U": 15621.177000000003,
  "I": 14063.739
}