{
  "P": 18283.800000000007,
  "U": 13639.062999999996,
  "I": 13525.513
}