{
  "P": 18310.100000000002,
  "U": 13693.777999999998,
  "I": 13536.903
}