{
  "P": 19044.70000000002,
  "U": 14817.041000000001,
  "I": 13940.564
}