{
  "P": 19257.50000000003,
  "U": 15595.559000000003,
  "I": 14056.286
}