{
  "P": 19324.900000000027,
  "U": 15856.106000000002,
  "I": 14098.25
}