{
  "P": 18257.100000000006,
  "U": 13633.807999999997,
  "I": 13500.773
}