{
  "P": 19210.200000000026,
  "U": 15411.348000000002,
  "I": 14027.252
}