{
  "P": 19008.00000000002,
  "U": 14613.545999999998,
  "I": 13922.6
}