{
  "P": 19402.90000000003,
  "U": 15903.535000000002,
  "I": 14154.221
}