{
  "P": 18606.300000000003,
  "U": 13882.396999999997,
  "I": 13665.761
}