{
  "P": 18707.100000000013,
  "U": 14106.251999999997,
  "I": 13722.56
}