{
  "P": 18753.20000000001,
  "U": 14183.599999999999,
  "I": 13752.797
}