{
  "P": 18488.600000000002,
  "U": 13704.672999999997,
  "I": 13585.767
}