{
  "P": 19280.50000000003,
  "U": 15821.819000000003,
  "I": 14067.533
}