{
  "P": 18698.100000000013,
  "U": 14092.689999999997,
  "I": 13718.504
}