{
  "P": 19226.700000000026,
  "U": 15443.994000000002,
  "I": 14037.895
}