{
  "P": 19065.700000000023,
  "U": 14920.777000000002,
  "I": 13953.027
}