{
  "P": 18974.300000000017,
  "U": 14531.078999999998,
  "I": 13899.031
}