{
  "P": 18976.800000000017,
  "U": 14532.131999999998,
  "I": 13900.86
}