{
  "P": 19001.300000000017,
  "U": 14610.884999999998,
  "I": 13917.283
}