{
  "P": 19091.400000000023,
  "U": 15121.791000000001,
  "I": 13961.272
}