{
  "P": 19062.60000000002,
  "U": 14908.857000000002,
  "I": 13952.365
}