{
  "P": 18753.20000000001,
  "U": 14183.560999999998,
  "I": 13751.825
}