{
  "P": 18562.800000000003,
  "U": 13805.739999999996,
  "I": 13648.443
}