{
  "P": 19405.10000000003,
  "U": 15912.206000000002,
  "I": 14155.266
}