{
  "P": 19113.400000000023,
  "U": 15200.429000000002,
  "I": 13976.685
}