{
  "P": 19280.50000000003,
  "U": 15820.699000000002,
  "I": 14067.533
}