{
  "P": 18640.100000000006,
  "U": 13942.019999999997,
  "I": 13680.376
}