{
  "P": 19076.30000000002,
  "U": 14998.228000000003,
  "I": 13958.632
}