{
  "P": 18611.600000000002,
  "U": 13912.674999999997,
  "I": 13666.305
}