{
  "P": 19439.600000000028,
  "U": 15962.971000000003,
  "I": 14175.565
}