{
  "P": 19250.30000000003,
  "U": 15585.667000000003,
  "I": 14052.031
}