{
  "P": 19275.70000000003,
  "U": 15796.261000000002,
  "I": 14065.336
}