{
  "P": 19274.10000000003,
  "U": 15712.660000000003,
  "I": 14064.718
}