{
  "P": 18967.300000000017,
  "U": 14458.191999999995,
  "I": 13896.906
}