{
  "P": 18210.400000000005,
  "U": 13577.982999999998,
  "I": 13471.91
}