{
  "P": 19463.20000000003,
  "U": 15981.464000000002,
  "I": 14190.998
}