{
  "P": 18161.600000000002,
  "U": 13555.948999999997,
  "I": 13450.36
}