{
  "P": 18762.000000000015,
  "U": 14186.893999999998,
  "I": 13758.151
}