{
  "P": 21400.300000000043,
  "U": 16008.698000000002,
  "I": 14211.575
}