{
  "P": 18619.300000000003,
  "U": 13923.302999999998,
  "I": 13670.579
}