{
  "P": 18834.60000000001,
  "U": 14310.759999999998,
  "I": 13810.042
}