{
  "P": 18696.100000000013,
  "U": 14089.687999999996,
  "I": 13716.619
}