{
  "P": 18640.90000000001,
  "U": 13993.212999999996,
  "I": 13680.522
}