{
  "P": 19395.30000000003,
  "U": 15894.073000000002,
  "I": 14151.513
}