{
  "P": 19469.200000000033,
  "U": 15992.031000000003,
  "I": 14193.684
}