{
  "P": 18985.600000000017,
  "U": 14548.769999999999,
  "I": 13907.182
}