{
  "P": 19324.900000000027,
  "U": 15853.667000000003,
  "I": 14098.25
}