{
  "P": 18185.500000000004,
  "U": 13561.393999999997,
  "I": 13450.965
}