{
  "P": 19358.30000000003,
  "U": 15873.189000000002,
  "I": 14125.606
}