{
  "P": 18754.600000000013,
  "U": 14188.273999999998,
  "I": 13762.347
}