{
  "P": 18648.700000000008,
  "U": 13993.290999999997,
  "I": 13686.533
}