{
  "P": 19103.500000000022,
  "U": 15145.550000000001,
  "I": 13971.141
}