{
  "P": 18648.80000000001,
  "U": 13997.310999999996,
  "I": 13686.534
}