{
  "P": 19142.600000000024,
  "U": 15243.570000000002,
  "I": 13995.385
}