{
  "P": 19080.20000000002,
  "U": 15012.392000000002,
  "I": 13959.139
}