{
  "P": 18595.800000000003,
  "U": 13876.631999999996,
  "I": 13659.368
}