{
  "P": 18834.60000000001,
  "U": 14308.467999999999,
  "I": 13810.042
}