{
  "P": 18291.300000000003,
  "U": 13643.798999999997,
  "I": 13530.571
}