{
  "P": 18944.900000000012,
  "U": 14391.041999999998,
  "I": 13892.234
}