{
  "P": 19055.60000000002,
  "U": 14839.925000000001,
  "I": 13955.176
}