{
  "P": 18695.80000000001,
  "U": 14089.010999999997,
  "I": 13716.619
}