{
  "P": 18674.50000000001,
  "U": 14076.930999999997,
  "I": 13700.852
}