{
  "P": 18332.100000000002,
  "U": 13700.040999999997,
  "I": 13554.57
}