{
  "P": 19194.900000000027,
  "U": 15404.097000000002,
  "I": 14017.152
}