{
  "P": 18114.100000000002,
  "U": 13540.640999999996,
  "I": 13396.56
}