{
  "P": 19213.600000000028,
  "U": 15432.641000000001,
  "I": 14027.56
}