{
  "P": 19402.90000000003,
  "U": 15904.498000000001,
  "I": 14154.221
}