{
  "P": 18918.000000000015,
  "U": 14353.547999999997,
  "I": 13859.366
}