{
  "P": 19294.900000000027,
  "U": 15838.127000000002,
  "I": 14076.947
}