{
  "P": 18953.200000000015,
  "U": 14448.355999999996,
  "I": 13885.149
}