{
  "P": 19518.20000000003,
  "U": 16008.698000000002,
  "I": 14211.575
}