{
  "P": 19198.900000000027,
  "U": 15410.804000000002,
  "I": 14019.02
}