{
  "P": 19079.000000000022,
  "U": 15002.501000000002,
  "I": 13958.993
}