{
  "P": 19347.100000000024,
  "U": 15860.863000000001,
  "I": 14118.204
}