{
  "P": 18705.500000000015,
  "U": 14099.972999999996,
  "I": 13721.917
}