{
  "P": 19076.30000000002,
  "U": 14999.531000000003,
  "I": 13958.632
}