{
  "P": 19133.100000000024,
  "U": 15236.879000000003,
  "I": 13987.18
}