{
  "P": 18726.800000000014,
  "U": 14117.561999999996,
  "I": 13736.396
}