{
  "P": 18507.300000000003,
  "U": 13722.473999999998,
  "I": 13610.468
}