{
  "P": 18666.00000000001,
  "U": 14076.541999999998,
  "I": 13695.547
}