{
  "P": 18999.300000000017,
  "U": 14567.372999999998,
  "I": 13916.881
}