{
  "P": 19076.30000000002,
  "U": 14999.735000000002,
  "I": 13958.632
}