{
  "P": 19279.40000000003,
  "U": 15805.637000000002,
  "I": 14067.525
}