{
  "P": 18790.100000000013,
  "U": 14203.668999999998,
  "I": 13779.272
}