{
  "P": 19309.50000000003,
  "U": 15838.130000000003,
  "I": 14089.64
}