{
  "P": 18180.500000000004,
  "U": 13551.627999999997,
  "I": 13448.77
}