{
  "P": 18675.70000000001,
  "U": 14077.836999999998,
  "I": 13701.993
}