{
  "P": 19143.900000000023,
  "U": 15278.204000000002,
  "I": 13995.415
}