{
  "P": 19431.500000000033,
  "U": 15952.344000000003,
  "I": 14168.797
}