{
  "P": 19405.10000000003,
  "U": 15916.079000000002,
  "I": 14155.266
}