{
  "P": 18951.100000000013,
  "U": 14433.296999999997,
  "I": 13884.982
}