{
  "P": 18291.300000000003,
  "U": 13643.425999999998,
  "I": 13529.577
}