{
  "P": 18249.700000000004,
  "U": 13593.110999999997,
  "I": 13496.322
}