{
  "P": 19273.70000000003,
  "U": 15626.626000000004,
  "I": 14064.718
}