{
  "P": 19294.100000000028,
  "U": 15834.252000000002,
  "I": 14076.947
}