{
  "P": 19083.30000000002,
  "U": 15023.773000000001,
  "I": 13959.374
}