{
  "P": 19065.500000000022,
  "U": 14919.825000000003,
  "I": 13953.027
}