{
  "P": 22228.200000000048,
  "U": 16008.698000000002,
  "I": 14211.575
}