{
  "P": 19402.90000000003,
  "U": 15907.317000000003,
  "I": 14154.221
}