{
  "P": 18663.30000000001,
  "U": 14006.964999999997,
  "I": 13695.532
}