{
  "P": 19109.400000000023,
  "U": 15185.473000000002,
  "I": 13974.058
}