{
  "P": 18696.20000000001,
  "U": 14092.629999999997,
  "I": 13716.619
}