{
  "P": 18290.500000000004,
  "U": 13641.628999999997,
  "I": 13529.513
}