{
  "P": 19198.900000000027,
  "U": 15411.023000000001,
  "I": 14019.02
}