{
  "P": 19395.30000000003,
  "U": 15893.953000000001,
  "I": 14151.105
}