{
  "P": 19212.50000000003,
  "U": 15423.125000000002,
  "I": 14027.56
}