{
  "P": 18864.10000000001,
  "U": 14318.252999999999,
  "I": 13830.511
}