{
  "P": 19358.30000000003,
  "U": 15873.541000000001,
  "I": 14125.606
}