{
  "P": 19325.100000000028,
  "U": 15856.616000000002,
  "I": 14098.25
}