{
  "P": 19274.20000000003,
  "U": 15714.585000000003,
  "I": 14064.718
}