{
  "P": 19171.700000000026,
  "U": 15324.436000000002,
  "I": 14007.952
}