{
  "P": 18717.900000000012,
  "U": 14107.540999999997,
  "I": 13733.636
}