{
  "P": 18947.600000000013,
  "U": 14404.515999999998,
  "I": 13883.693
}