{
  "P": 19143.900000000023,
  "U": 15280.552000000001,
  "I": 13995.415
}