{
  "P": 18999.300000000017,
  "U": 14581.092999999999,
  "I": 13916.881
}