{
  "P": 18299.100000000002,
  "U": 13648.406999999997,
  "I": 13532.968
}