{
  "P": 18983.50000000002,
  "U": 14532.555999999997,
  "I": 13906.472
}