{
  "P": 19397.200000000026,
  "U": 15894.073000000002,
  "I": 14151.513
}