{
  "P": 18310.100000000002,
  "U": 13697.360999999997,
  "I": 13536.906
}