{
  "P": 19465.800000000032,
  "U": 15981.629000000003,
  "I": 14193.36
}