{
  "P": 19259.00000000003,
  "U": 15601.703000000005,
  "I": 14056.944
}