{
  "P": 19309.600000000028,
  "U": 15840.185000000001,
  "I": 14089.871
}