{
  "P": 18392.600000000002,
  "U": 13706.318999999998,
  "I": 13581.409
}