{
  "P": 18528.700000000004,
  "U": 13783.076999999997,
  "I": 13615.223
}