{
  "P": 19258.100000000028,
  "U": 15595.560000000003,
  "I": 14056.396
}