{
  "P": 18724.500000000015,
  "U": 14117.324999999997,
  "I": 13735.372
}