{
  "P": 19067.000000000022,
  "U": 14922.930000000002,
  "I": 13953.032
}