{
  "P": 18622.700000000004,
  "U": 13926.764999999998,
  "I": 13671.764
}