{
  "P": 18232.400000000005,
  "U": 13578.626999999997,
  "I": 13488.041
}