{
  "P": 19103.500000000022,
  "U": 15128.428000000002,
  "I": 13971.141
}