{
  "P": 18946.20000000001,
  "U": 14404.508999999998,
  "I": 13883.362
}