{
  "P": 18690.400000000012,
  "U": 14087.687999999996,
  "I": 13712.935
}