{
  "P": 18852.00000000001,
  "U": 14316.877999999999,
  "I": 13820.239
}