{
  "P": 18705.600000000013,
  "U": 14099.972999999996,
  "I": 13721.917
}