{
  "P": 19067.10000000002,
  "U": 15013.591000000002,
  "I": 13953.037
}