{
  "P": 19407.90000000003,
  "U": 15930.088000000002,
  "I": 14155.387
}