{
  "P": 19143.900000000023,
  "U": 15280.166000000001,
  "I": 13995.415
}