{
  "P": 19373.20000000003,
  "U": 15881.233000000002,
  "I": 14134.033
}