{
  "P": 19088.700000000023,
  "U": 15103.509000000002,
  "I": 13960.901
}