{
  "P": 18834.60000000001,
  "U": 14307.774999999998,
  "I": 13810.042
}