{
  "P": 18526.300000000003,
  "U": 13740.203999999998,
  "I": 13613.599
}