{
  "P": 18640.90000000001,
  "U": 13952.575999999995,
  "I": 13680.522
}