{
  "P": 18637.90000000001,
  "U": 13940.489999999996,
  "I": 13679.826
}