{
  "P": 19406.90000000003,
  "U": 15923.599000000002,
  "I": 14155.322
}