{
  "P": 19242.400000000027,
  "U": 15521.512000000004,
  "I": 14045.655
}