{
  "P": 19121.000000000022,
  "U": 15204.594000000001,
  "I": 13980.665
}