{
  "P": 18970.00000000002,
  "U": 14458.664999999995,
  "I": 13898.552
}