{
  "P": 19256.80000000003,
  "U": 15593.930000000004,
  "I": 14055.982
}