{
  "P": 19182.000000000025,
  "U": 15368.159000000001,
  "I": 14012.118
}