{
  "P": 19154.600000000024,
  "U": 15285.268000000002,
  "I": 13998.387
}