{
  "P": 18794.80000000001,
  "U": 14204.007999999998,
  "I": 13782.618
}