{
  "P": 18691.30000000001,
  "U": 14087.687999999996,
  "I": 13712.935
}