{
  "P": 18834.60000000001,
  "U": 14311.134999999998,
  "I": 13810.042
}