{
  "P": 18768.50000000001,
  "U": 14204.600999999999,
  "I": 13763.318
}