{
  "P": 18948.300000000014,
  "U": 14404.532999999998,
  "I": 13884.137
}