{
  "P": 18533.000000000004,
  "U": 13792.057999999997,
  "I": 13618.977
}