{
  "P": 18761.300000000014,
  "U": 14186.892999999998,
  "I": 13757.708
}