{
  "P": 18688.70000000001,
  "U": 14088.651999999996,
  "I": 13721.484
}