{
  "P": 19405.40000000003,
  "U": 15920.918000000001,
  "I": 14155.267
}