{
  "P": 18139.600000000002,
  "U": 13541.340999999997,
  "I": 13415.619
}