{
  "P": 18754.600000000013,
  "U": 14185.877999999997,
  "I": 13753.512
}