{
  "P": 19419.40000000003,
  "U": 15942.581000000002,
  "I": 14162.156
}