{
  "P": 19704.400000000038,
  "U": 16008.698000000002,
  "I": 14211.575
}