{
  "P": 19063.90000000002,
  "U": 14913.854000000001,
  "I": 13952.628
}