{
  "P": 18723.300000000014,
  "U": 14116.094999999998,
  "I": 13735.018
}