{
  "P": 19062.60000000002,
  "U": 14889.657000000001,
  "I": 13952.365
}