{
  "P": 19467.000000000033,
  "U": 15981.629000000003,
  "I": 14193.36
}