{
  "P": 18932.100000000013,
  "U": 14355.665999999997,
  "I": 13871.084
}