{
  "P": 19256.900000000027,
  "U": 15595.559000000003,
  "I": 14056.286
}