{
  "P": 18730.400000000012,
  "U": 14120.809999999998,
  "I": 13738.567
}