{
  "P": 18730.400000000012,
  "U": 14146.780999999997,
  "I": 13742.116
}