{
  "P": 19011.70000000002,
  "U": 14633.599999999999,
  "I": 13925.418
}