{
  "P": 18972.800000000017,
  "U": 14520.843999999997,
  "I": 13898.921
}