{
  "P": 18705.000000000015,
  "U": 14098.672999999997,
  "I": 13721.862
}