{
  "P": 18180.500000000004,
  "U": 13551.437999999996,
  "I": 13446.006
}