{
  "P": 18688.70000000001,
  "U": 14084.771999999997,
  "I": 13711.759
}