{
  "P": 19443.20000000003,
  "U": 15970.946000000002,
  "I": 14177.357
}