{
  "P": 19400.30000000003,
  "U": 15894.390000000001,
  "I": 14153.352
}