{
  "P": 19368.20000000003,
  "U": 15875.152000000002,
  "I": 14131.965
}