{
  "P": 19370.00000000003,
  "U": 15880.924000000003,
  "I": 14132.274
}