{
  "P": 18308.100000000002,
  "U": 13693.132999999998,
  "I": 13535.938
}