{
  "P": 19007.900000000016,
  "U": 14613.545999999998,
  "I": 13922.6
}