{
  "P": 19250.30000000003,
  "U": 15546.754000000003,
  "I": 14052.031
}