{
  "P": 19065.500000000022,
  "U": 14920.123000000001,
  "I": 13953.027
}