{
  "P": 19081.500000000022,
  "U": 15020.139000000001,
  "I": 13959.25
}