{
  "P": 19427.300000000032,
  "U": 15947.622000000001,
  "I": 14167.392
}