{
  "P": 19434.300000000032,
  "U": 15957.318000000003,
  "I": 14171.487
}