{
  "P": 18611.600000000002,
  "U": 13913.010999999997,
  "I": 13666.38
}