{
  "P": 19284.600000000028,
  "U": 15829.882000000003,
  "I": 14070.262
}