{
  "P": 19156.200000000023,
  "U": 15287.777000000002,
  "I": 13998.39
}