{
  "P": 19213.30000000003,
  "U": 15426.090000000002,
  "I": 14027.56
}