{
  "P": 19065.60000000002,
  "U": 14920.777000000002,
  "I": 13953.027
}