{
  "P": 18789.20000000001,
  "U": 14199.874999999998,
  "I": 13779.059
}