{
  "P": 19439.50000000003,
  "U": 15964.989000000001,
  "I": 14180.286
}