{
  "P": 18299.300000000003,
  "U": 13649.235999999997,
  "I": 13533.041
}