{
  "P": 19451.30000000003,
  "U": 15971.072000000002,
  "I": 14185.35
}