{
  "P": 18754.600000000013,
  "U": 14186.349999999997,
  "I": 13753.512
}