{
  "P": 18297.300000000003,
  "U": 13648.406999999997,
  "I": 13532.606
}