{
  "P": 18764.50000000001,
  "U": 14191.327999999998,
  "I": 13759.564
}