{
  "P": 19028.40000000002,
  "U": 14742.534000000001,
  "I": 13931.128
}