{
  "P": 18900.100000000013,
  "U": 14351.316999999997,
  "I": 13842.779
}