{
  "P": 18257.400000000005,
  "U": 13636.412999999997,
  "I": 13500.828
}