{
  "P": 19174.800000000025,
  "U": 15364.919000000002,
  "I": 14007.954
}