{
  "P": 18932.900000000016,
  "U": 14355.665999999997,
  "I": 13872.423
}