{
  "P": 18185.500000000004,
  "U": 13573.874999999996,
  "I": 13450.965
}