{
  "P": 19079.10000000002,
  "U": 15011.563000000002,
  "I": 13958.993
}