{
  "P": 18614.900000000005,
  "U": 13923.137999999997,
  "I": 13666.898
}