{
  "P": 18640.800000000007,
  "U": 13945.908999999996,
  "I": 13680.522
}