{
  "P": 18532.200000000004,
  "U": 13784.248999999996,
  "I": 13616.633
}