{
  "P": 19269.40000000003,
  "U": 15603.516000000003,
  "I": 14063.579
}