{
  "P": 19127.200000000023,
  "U": 15241.231000000002,
  "I": 13983.628
}