{
  "P": 19226.700000000026,
  "U": 15436.981000000002,
  "I": 14037.895
}