{
  "P": 18185.100000000002,
  "U": 13551.627999999997,
  "I": 13450.955
}