{
  "P": 19280.40000000003,
  "U": 15815.168000000003,
  "I": 14067.533
}