{
  "P": 19274.10000000003,
  "U": 15651.642000000003,
  "I": 14064.718
}