{
  "P": 19403.00000000003,
  "U": 15908.840000000002,
  "I": 14154.222
}