{
  "P": 18951.500000000015,
  "U": 14434.749999999996,
  "I": 13884.987
}