{
  "P": 19349.400000000027,
  "U": 15866.740000000002,
  "I": 14119.34
}