{
  "P": 19274.10000000003,
  "U": 15708.967000000002,
  "I": 14064.718
}