{
  "P": 18731.100000000013,
  "U": 14173.423999999997,
  "I": 13739.303
}