{
  "P": 18972.300000000017,
  "U": 14515.642999999996,
  "I": 13898.713
}