{
  "P": 18606.300000000003,
  "U": 13882.160999999998,
  "I": 13665.761
}