{
  "P": 18135.500000000004,
  "U": 13541.340999999997,
  "I": 13413.587
}