{
  "P": 18106.900000000005,
  "U": 13535.415999999997,
  "I": 13392.333
}