{
  "P": 18972.800000000017,
  "U": 14519.261999999997,
  "I": 13898.921
}