{
  "P": 19256.80000000003,
  "U": 15588.416000000003,
  "I": 14055.982
}