{
  "P": 18676.80000000001,
  "U": 14081.347999999996,
  "I": 13702.034
}