{
  "P": 19011.70000000002,
  "U": 14624.057999999999,
  "I": 13924.009
}