{
  "P": 18951.800000000014,
  "U": 14439.007999999998,
  "I": 13884.987
}