{
  "P": 18926.500000000015,
  "U": 14353.793999999998,
  "I": 13866.471
}