{
  "P": 19273.20000000003,
  "U": 15622.222000000003,
  "I": 14064.663
}