{
  "P": 18290.500000000004,
  "U": 13642.579999999998,
  "I": 13529.513
}