{
  "P": 18665.20000000001,
  "U": 14076.025999999996,
  "I": 13695.532
}