{
  "P": 18899.70000000001,
  "U": 14348.876999999999,
  "I": 13842.779
}