{
  "P": 18160.400000000005,
  "U": 13546.483999999997,
  "I": 13433.098
}