{
  "P": 18917.500000000015,
  "U": 14351.593999999997,
  "I": 13858.806
}