{
  "P": 19143.100000000024,
  "U": 15243.769000000002,
  "I": 13995.415
}