{
  "P": 18985.600000000017,
  "U": 14534.668999999998,
  "I": 13907.182
}