{
  "P": 19121.200000000023,
  "U": 15208.998000000001,
  "I": 13980.666
}