{
  "P": 19113.200000000023,
  "U": 15196.964000000002,
  "I": 13976.685
}