{
  "P": 18253.000000000004,
  "U": 13632.942999999997,
  "I": 13498.248
}