{
  "P": 19233.200000000026,
  "U": 15486.375000000004,
  "I": 14040.981
}