{
  "P": 18263.700000000004,
  "U": 13639.058999999997,
  "I": 13507.204
}