{
  "P": 19025.10000000002,
  "U": 14697.721000000001,
  "I": 13930.635
}