{
  "P": 18926.500000000015,
  "U": 14355.651999999996,
  "I": 13866.471
}