{
  "P": 18933.800000000014,
  "U": 14357.759999999997,
  "I": 13872.653
}