{
  "P": 18297.300000000003,
  "U": 13648.053999999996,
  "I": 13531.703
}