{
  "P": 18249.700000000004,
  "U": 13631.093999999997,
  "I": 13502.202
}