{
  "P": 19046.60000000002,
  "U": 14821.862000000001,
  "I": 13940.914
}