{
  "P": 18664.80000000001,
  "U": 14075.693999999998,
  "I": 13695.532
}