{
  "P": 18735.100000000013,
  "U": 14174.590999999997,
  "I": 13741.702
}