{
  "P": 18688.80000000001,
  "U": 14087.095999999996,
  "I": 13711.777
}