{
  "P": 19083.500000000022,
  "U": 15041.756000000001,
  "I": 13959.498
}