{
  "P": 18707.100000000013,
  "U": 14107.410999999996,
  "I": 13722.616
}