{
  "P": 18664.80000000001,
  "U": 14033.051999999996,
  "I": 13695.532
}