{
  "P": 19421.20000000003,
  "U": 15946.103000000001,
  "I": 14163.028
}