{
  "P": 19309.80000000003,
  "U": 15849.527000000002,
  "I": 14089.871
}