{
  "P": 18744.20000000001,
  "U": 14183.472999999998,
  "I": 13744.682
}