{
  "P": 19067.80000000002,
  "U": 14992.147000000003,
  "I": 13953.032
}