{
  "P": 18744.600000000013,
  "U": 14183.560999999998,
  "I": 13745.391
}