{
  "P": 18970.700000000015,
  "U": 14458.672999999995,
  "I": 13898.661
}