{
  "P": 19279.20000000003,
  "U": 15801.825000000003,
  "I": 14067.525
}