{
  "P": 19309.600000000028,
  "U": 15845.318000000003,
  "I": 14089.871
}