{
  "P": 18532.600000000002,
  "U": 13792.000999999997,
  "I": 13616.638
}