{
  "P": 19259.00000000003,
  "U": 15595.924000000003,
  "I": 14056.944
}