{
  "P": 18951.800000000014,
  "U": 14441.605999999996,
  "I": 13884.987
}