{
  "P": 18767.70000000001,
  "U": 14191.733999999997,
  "I": 13760.758
}