{
  "P": 18239.400000000005,
  "U": 13583.215999999997,
  "I": 13491.154
}