{
  "P": 19337.700000000026,
  "U": 15860.863000000001,
  "I": 14108.093
}