{
  "P": 19427.300000000032,
  "U": 15948.762000000002,
  "I": 14167.392
}