{
  "P": 19340.200000000026,
  "U": 15860.863000000001,
  "I": 14110.597
}