{
  "P": 18606.300000000003,
  "U": 13883.500999999998,
  "I": 13665.761
}