{
  "P": 19295.900000000027,
  "U": 15838.129000000003,
  "I": 14077.192
}