{
  "P": 18608.700000000004,
  "U": 13900.102999999997,
  "I": 13665.767
}