{
  "P": 18620.900000000005,
  "U": 13923.401999999998,
  "I": 13671.212
}