{
  "P": 18612.700000000004,
  "U": 13915.448999999997,
  "I": 13666.614
}