{
  "P": 18299.300000000003,
  "U": 13651.528999999999,
  "I": 13533.041
}