{
  "P": 18640.90000000001,
  "U": 13961.624999999996,
  "I": 13680.522
}