{
  "P": 18982.100000000017,
  "U": 14532.308999999997,
  "I": 13903.918
}