{
  "P": 18648.80000000001,
  "U": 13993.655999999997,
  "I": 13686.534
}