{
  "P": 18948.20000000001,
  "U": 14404.532999999998,
  "I": 13884.137
}