{
  "P": 19552.300000000032,
  "U": 16008.698000000002,
  "I": 14211.575
}