{
  "P": 19127.200000000023,
  "U": 15235.404000000002,
  "I": 13983.169
}