{
  "P": 18705.400000000016,
  "U": 14099.725999999997,
  "I": 13721.91
}