{
  "P": 18754.20000000001,
  "U": 14183.719999999998,
  "I": 13753.416
}