{
  "P": 19439.600000000028,
  "U": 15962.824000000002,
  "I": 14175.565
}