{
  "P": 19249.400000000027,
  "U": 15524.000000000004,
  "I": 14051.669
}