{
  "P": 19427.40000000003,
  "U": 15951.360000000002,
  "I": 14167.392
}