{
  "P": 18299.300000000003,
  "U": 13658.390999999998,
  "I": 13536.569
}