{
  "P": 19127.200000000023,
  "U": 15233.505000000001,
  "I": 13983.169
}