{
  "P": 19030.80000000002,
  "U": 14743.556000000002,
  "I": 13932.365
}