{
  "P": 18209.400000000005,
  "U": 13574.295999999997,
  "I": 13470.982
}