{
  "P": 18705.000000000015,
  "U": 14105.040999999997,
  "I": 13727.105
}