{
  "P": 18080.900000000005,
  "U": 13526.471999999996,
  "I": 13372.232
}