{
  "P": 18249.700000000004,
  "U": 13629.055999999997,
  "I": 13496.322
}