{
  "P": 21417.800000000043,
  "U": 16008.698000000002,
  "I": 14211.575
}