{
  "P": 18970.900000000016,
  "U": 14509.135999999997,
  "I": 13898.661
}