{
  "P": 18638.500000000007,
  "U": 13940.994999999995,
  "I": 13680.112
}