{
  "P": 18676.60000000001,
  "U": 14077.836999999998,
  "I": 13701.993
}