{
  "P": 19284.600000000028,
  "U": 15831.143000000002,
  "I": 14070.262
}