{
  "P": 18676.60000000001,
  "U": 14078.106999999996,
  "I": 13702.034
}