{
  "P": 18507.300000000003,
  "U": 13715.299999999997,
  "I": 13598.175
}