{
  "P": 19065.500000000022,
  "U": 14954.698000000002,
  "I": 13953.689
}