{
  "P": 19274.10000000003,
  "U": 15690.009000000004,
  "I": 14064.718
}