{
  "P": 18257.400000000005,
  "U": 13658.622999999998,
  "I": 13505.334
}