{
  "P": 18612.500000000004,
  "U": 13913.010999999997,
  "I": 13666.612
}