{
  "P": 18112.600000000002,
  "U": 13535.839999999997,
  "I": 13394.91
}