{
  "P": 19230.500000000025,
  "U": 15450.901000000002,
  "I": 14039.519
}