{
  "P": 18112.600000000002,
  "U": 13540.214999999997,
  "I": 13414.575
}