{
  "P": 19406.90000000003,
  "U": 15929.748000000001,
  "I": 14155.322
}