{
  "P": 19188.500000000025,
  "U": 15403.732000000002,
  "I": 14014.386
}