{
  "P": 18072.000000000004,
  "U": 13526.471999999996,
  "I": 13365.713
}