{
  "P": 18977.50000000002,
  "U": 14532.308999999997,
  "I": 13903.918
}