{
  "P": 19279.20000000003,
  "U": 15801.490000000002,
  "I": 14067.334
}