{
  "P": 19334.400000000027,
  "U": 15856.676000000001,
  "I": 14106.026
}