{
  "P": 19044.10000000002,
  "U": 14809.009000000002,
  "I": 13940.564
}