{
  "P": 19125.200000000023,
  "U": 15230.979000000001,
  "I": 13982.766
}