{
  "P": 19402.70000000003,
  "U": 15902.443000000001,
  "I": 14154.197
}