{
  "P": 18812.400000000012,
  "U": 14300.098999999998,
  "I": 13791.741
}