{
  "P": 18929.000000000015,
  "U": 14355.665999999997,
  "I": 13868.139
}