{
  "P": 19470.200000000033,
  "U": 15992.389000000003,
  "I": 14194.078
}