{
  "P": 18917.600000000013,
  "U": 14353.547999999997,
  "I": 13858.89
}