{
  "P": 19397.200000000026,
  "U": 15894.384000000002,
  "I": 14152.227
}