{
  "P": 18114.100000000002,
  "U": 13540.222999999996,
  "I": 13395.38
}