{
  "P": 18754.400000000012,
  "U": 14183.785999999998,
  "I": 13753.512
}