{
  "P": 18156.500000000004,
  "U": 13545.721999999996,
  "I": 13428.056
}