{
  "P": 19429.40000000003,
  "U": 15952.205000000002,
  "I": 14168.034
}