{
  "P": 18526.300000000003,
  "U": 13756.402999999997,
  "I": 13613.599
}