{
  "P": 19103.500000000022,
  "U": 15154.409000000001,
  "I": 13981.01
}