{
  "P": 19284.80000000003,
  "U": 15832.941000000003,
  "I": 14070.454
}