{
  "P": 18507.300000000003,
  "U": 13722.601999999997,
  "I": 13610.468
}