{
  "P": 19067.80000000002,
  "U": 14993.908000000003,
  "I": 13953.032
}