{
  "P": 19407.90000000003,
  "U": 15929.946000000002,
  "I": 14155.343
}