{
  "P": 18112.600000000002,
  "U": 13535.949999999997,
  "I": 13395.245
}