{
  "P": 19433.40000000003,
  "U": 15955.782000000003,
  "I": 14170.844
}