{
  "P": 19404.800000000032,
  "U": 15908.887000000002,
  "I": 14155.071
}