{
  "P": 18917.500000000015,
  "U": 14353.056999999997,
  "I": 13858.806
}