{
  "P": 18789.10000000001,
  "U": 14198.799999999997,
  "I": 13779.059
}