{
  "P": 19082.900000000023,
  "U": 15023.773000000001,
  "I": 13959.374
}