{
  "P": 19082.200000000023,
  "U": 15023.044000000002,
  "I": 13959.374
}