{
  "P": 19423.40000000003,
  "U": 15946.152000000002,
  "I": 14165.829
}