{
  "P": 19408.20000000003,
  "U": 15941.297000000002,
  "I": 14155.452
}