{
  "P": 19088.700000000023,
  "U": 15099.817000000001,
  "I": 13960.901
}