{
  "P": 19025.10000000002,
  "U": 14679.470000000001,
  "I": 13930.235
}