{
  "P": 18768.50000000001,
  "U": 14197.288999999999,
  "I": 13760.914
}