{
  "P": 18112.600000000002,
  "U": 13536.131999999996,
  "I": 13395.245
}