{
  "P": 18632.900000000005,
  "U": 13929.542999999996,
  "I": 13671.933
}