{
  "P": 19235.600000000028,
  "U": 15516.770000000004,
  "I": 14041.687
}