{
  "P": 18547.000000000004,
  "U": 13792.247999999996,
  "I": 13630.226
}