{
  "P": 18953.200000000015,
  "U": 14446.649999999996,
  "I": 13885.149
}