{
  "P": 18652.60000000001,
  "U": 13998.986999999996,
  "I": 13689.198
}