{
  "P": 21372.600000000042,
  "U": 16008.698000000002,
  "I": 14211.575
}