{
  "P": 19404.800000000032,
  "U": 15909.205000000002,
  "I": 14155.266
}