{
  "P": 18185.500000000004,
  "U": 13551.627999999997,
  "I": 13450.955
}