{
  "P": 19142.000000000025,
  "U": 15243.570000000002,
  "I": 13994.994
}