{
  "P": 19377.90000000003,
  "U": 15888.905000000002,
  "I": 14137.359
}