{
  "P": 19198.900000000027,
  "U": 15418.781000000003,
  "I": 14025.922
}