{
  "P": 19076.30000000002,
  "U": 15005.604000000003,
  "I": 13964.232
}