{
  "P": 18234.500000000004,
  "U": 13578.626999999997,
  "I": 13488.041
}