{
  "P": 19441.70000000003,
  "U": 15962.992000000002,
  "I": 14177.238
}