{
  "P": 18951.300000000014,
  "U": 14434.749999999996,
  "I": 13884.987
}