{
  "P": 18721.100000000013,
  "U": 14107.660999999996,
  "I": 13734.174
}