{
  "P": 19133.100000000024,
  "U": 15238.375000000002,
  "I": 13987.18
}