{
  "P": 19457.600000000028,
  "U": 15972.353000000001,
  "I": 14186.926
}