{
  "P": 19349.300000000025,
  "U": 15861.017000000002,
  "I": 14119.34
}