{
  "P": 19481.000000000033,
  "U": 15993.221000000003,
  "I": 14202.443
}