{
  "P": 18743.400000000012,
  "U": 14176.976999999997,
  "I": 13744.021
}