{
  "P": 19369.900000000027,
  "U": 15876.740000000002,
  "I": 14132.274
}