{
  "P": 19375.30000000003,
  "U": 15888.711000000003,
  "I": 14134.301
}