{
  "P": 18507.300000000003,
  "U": 13711.406999999997,
  "I": 13598.175
}