{
  "P": 18222.100000000002,
  "U": 13578.623999999998,
  "I": 13482.251
}