{
  "P": 18764.50000000001,
  "U": 14190.945999999998,
  "I": 13759.112
}