{
  "P": 18985.600000000017,
  "U": 14567.088999999998,
  "I": 13907.193
}