{
  "P": 18999.300000000017,
  "U": 14571.651999999998,
  "I": 13916.881
}