{
  "P": 18818.60000000001,
  "U": 14300.098999999998,
  "I": 13796.866
}