{
  "P": 19279.40000000003,
  "U": 15806.567000000003,
  "I": 14067.525
}