{
  "P": 18902.20000000001,
  "U": 14351.460999999998,
  "I": 13845.67
}