{
  "P": 18237.700000000004,
  "U": 13580.154999999997,
  "I": 13490.442
}