{
  "P": 19274.20000000003,
  "U": 15722.652000000004,
  "I": 14064.718
}