{
  "P": 18647.60000000001,
  "U": 13993.279999999997,
  "I": 13686.087
}