{
  "P": 19233.200000000026,
  "U": 15509.624000000003,
  "I": 14040.981
}