{
  "P": 19251.30000000003,
  "U": 15587.178000000004,
  "I": 14053.213
}