{
  "P": 19199.200000000026,
  "U": 15411.280000000002,
  "I": 14019.855
}