{
  "P": 19324.700000000026,
  "U": 15851.824000000002,
  "I": 14098.25
}