{
  "P": 19271.40000000003,
  "U": 15622.212000000003,
  "I": 14063.74
}