{
  "P": 19294.700000000026,
  "U": 15834.252000000002,
  "I": 14076.947
}