{
  "P": 18622.700000000004,
  "U": 13937.928999999996,
  "I": 13676.914
}