{
  "P": 21693.500000000047,
  "U": 16008.698000000002,
  "I": 14211.575
}