{
  "P": 18950.200000000015,
  "U": 14422.947999999999,
  "I": 13884.827
}