{
  "P": 18654.90000000001,
  "U": 14002.055999999997,
  "I": 13689.804
}