{
  "P": 19270.90000000003,
  "U": 15615.223000000005,
  "I": 14063.739
}