{
  "P": 19143.900000000023,
  "U": 15310.572000000002,
  "I": 13995.415
}