{
  "P": 18748.800000000014,
  "U": 14183.560999999998,
  "I": 13747.412
}