{
  "P": 19272.00000000003,
  "U": 15622.222000000003,
  "I": 14064.328
}