{
  "P": 19088.900000000023,
  "U": 15109.363000000001,
  "I": 13960.901
}