{
  "P": 19157.400000000023,
  "U": 15289.132000000001,
  "I": 13999.601
}