{
  "P": 18935.700000000015,
  "U": 14357.759999999997,
  "I": 13875.724
}