{
  "P": 19442.30000000003,
  "U": 15968.736000000003,
  "I": 14177.238
}