{
  "P": 18789.20000000001,
  "U": 14201.139999999998,
  "I": 13779.059
}