{
  "P": 19076.30000000002,
  "U": 14996.506000000003,
  "I": 13958.632
}