{
  "P": 19401.80000000003,
  "U": 15895.013000000003,
  "I": 14154.126
}