{
  "P": 18633.800000000007,
  "U": 13935.773999999996,
  "I": 13677.486
}