{
  "P": 18972.800000000017,
  "U": 14520.570999999996,
  "I": 13898.921
}