{
  "P": 18566.000000000004,
  "U": 13803.340999999997,
  "I": 13642.869
}