{
  "P": 19294.80000000003,
  "U": 15842.100000000002,
  "I": 14083.632
}