{
  "P": 18526.300000000003,
  "U": 13722.244999999997,
  "I": 13613.599
}