{
  "P": 19583.000000000036,
  "U": 16008.698000000002,
  "I": 14211.575
}