{
  "P": 18760.100000000013,
  "U": 14186.892999999998,
  "I": 13757.708
}