{
  "P": 18088.100000000006,
  "U": 13527.907999999996,
  "I": 13374.98
}