{
  "P": 19402.40000000003,
  "U": 15902.423000000003,
  "I": 14154.143
}