{
  "P": 18701.000000000015,
  "U": 14093.492999999997,
  "I": 13720.423
}