{
  "P": 18795.80000000001,
  "U": 14209.855999999998,
  "I": 13782.964
}