{
  "P": 19310.700000000026,
  "U": 15850.059000000003,
  "I": 14090.081
}