{
  "P": 18606.300000000003,
  "U": 13879.651999999996,
  "I": 13665.761
}