{
  "P": 18667.50000000001,
  "U": 14076.930999999997,
  "I": 13697.058
}