{
  "P": 18974.300000000017,
  "U": 14540.301999999998,
  "I": 13899.141
}