{
  "P": 19203.600000000028,
  "U": 15411.314000000002,
  "I": 14025.156
}