{
  "P": 18562.800000000003,
  "U": 13803.129999999997,
  "I": 13640.227
}