{
  "P": 18185.500000000004,
  "U": 13556.007999999996,
  "I": 13450.965
}