{
  "P": 19349.400000000027,
  "U": 15869.097000000002,
  "I": 14119.34
}