{
  "P": 18554.500000000004,
  "U": 13799.000999999997,
  "I": 13633.883
}