{
  "P": 18884.20000000001,
  "U": 14336.725999999999,
  "I": 13835.63
}