{
  "P": 18207.000000000004,
  "U": 13574.295999999997,
  "I": 13470.982
}