{
  "P": 18951.800000000014,
  "U": 14437.168999999996,
  "I": 13884.987
}