{
  "P": 18210.000000000004,
  "U": 13578.615999999998,
  "I": 13492.455
}