{
  "P": 18926.200000000015,
  "U": 14353.547999999997,
  "I": 13866.47
}