{
  "P": 18622.700000000004,
  "U": 13924.967999999997,
  "I": 13671.764
}