{
  "P": 18612.700000000004,
  "U": 13917.134999999998,
  "I": 13666.614
}