{
  "P": 18899.70000000001,
  "U": 14348.865999999998,
  "I": 13841.928
}