{
  "P": 18922.400000000016,
  "U": 14353.547999999997,
  "I": 13861.729
}