{
  "P": 18598.100000000002,
  "U": 13877.343999999997,
  "I": 13660.906
}