{
  "P": 18754.900000000012,
  "U": 14186.721999999998,
  "I": 13753.721
}