{
  "P": 19242.500000000025,
  "U": 15523.984000000002,
  "I": 14045.976
}