{
  "P": 18926.500000000015,
  "U": 14355.416999999998,
  "I": 13866.471
}