{
  "P": 19320.200000000026,
  "U": 15851.409000000003,
  "I": 14096.258
}