{
  "P": 18559.700000000004,
  "U": 13799.128999999997,
  "I": 13638.457
}