{
  "P": 23818.600000000035,
  "U": 16008.698000000002,
  "I": 14211.575
}