{
  "P": 19369.600000000028,
  "U": 15875.616000000002,
  "I": 14132.197
}