{
  "P": 19227.800000000025,
  "U": 15445.804000000002,
  "I": 14038.487
}