{
  "P": 18561.600000000002,
  "U": 13799.335999999998,
  "I": 13639.445
}