{
  "P": 18889.800000000014,
  "U": 14342.646999999999,
  "I": 13841.381
}