{
  "P": 18289.800000000007,
  "U": 13639.078999999996,
  "I": 13529.447
}