{
  "P": 18145.200000000004,
  "U": 13545.721999999996,
  "I": 13421.413
}