{
  "P": 19359.600000000028,
  "U": 15874.425000000001,
  "I": 14127.426
}