{
  "P": 19185.400000000027,
  "U": 15471.742000000002,
  "I": 14016.282
}