{
  "P": 18257.100000000006,
  "U": 13634.694999999998,
  "I": 13500.828
}