{
  "P": 19279.90000000003,
  "U": 15812.000000000004,
  "I": 14067.525
}