{
  "P": 19457.70000000003,
  "U": 15977.327000000001,
  "I": 14186.931
}