{
  "P": 18299.300000000003,
  "U": 13650.664999999997,
  "I": 13533.041
}