{
  "P": 19293.400000000027,
  "U": 15833.057000000003,
  "I": 14076.234
}