{
  "P": 19229.600000000028,
  "U": 15445.805000000002,
  "I": 14039.137
}