{
  "P": 19062.60000000002,
  "U": 14909.116000000002,
  "I": 13952.365
}