{
  "P": 18570.100000000002,
  "U": 13858.595999999996,
  "I": 13644.67
}