{
  "P": 18531.300000000003,
  "U": 13783.433999999997,
  "I": 13616.469
}