{
  "P": 18972.600000000017,
  "U": 14515.864999999996,
  "I": 13898.921
}