{
  "P": 19233.200000000026,
  "U": 15453.813000000004,
  "I": 14040.981
}