{
  "P": 19242.400000000027,
  "U": 15523.299000000003,
  "I": 14045.655
}