{
  "P": 18789.20000000001,
  "U": 14202.769999999999,
  "I": 13779.059
}