{
  "P": 18696.20000000001,
  "U": 14092.652999999997,
  "I": 13716.956
}