{
  "P": 18727.500000000015,
  "U": 14118.399999999998,
  "I": 13737.762
}