{
  "P": 19433.300000000032,
  "U": 15952.435000000003,
  "I": 14170.792
}