{
  "P": 19103.700000000023,
  "U": 15146.952000000001,
  "I": 13971.375
}