{
  "P": 18614.900000000005,
  "U": 13922.800999999998,
  "I": 13666.614
}