{
  "P": 19374.00000000003,
  "U": 15886.829000000003,
  "I": 14134.269
}