{
  "P": 18507.300000000003,
  "U": 13714.776999999998,
  "I": 13598.175
}