{
  "P": 18531.700000000004,
  "U": 13783.776999999996,
  "I": 13616.593
}