{
  "P": 19105.60000000002,
  "U": 15146.952000000001,
  "I": 13971.807
}