{
  "P": 19253.70000000003,
  "U": 15587.178000000004,
  "I": 14053.213
}