{
  "P": 18768.50000000001,
  "U": 14196.922999999997,
  "I": 13760.914
}