{
  "P": 18656.40000000001,
  "U": 14004.908999999996,
  "I": 13690.939
}