{
  "P": 19349.300000000025,
  "U": 15860.863000000001,
  "I": 14119.299
}