{
  "P": 18695.80000000001,
  "U": 14087.693999999996,
  "I": 13716.32
}