{
  "P": 18636.800000000007,
  "U": 13940.489999999996,
  "I": 13679.826
}