{
  "P": 18951.300000000014,
  "U": 14433.513999999997,
  "I": 13884.987
}