{
  "P": 18093.700000000004,
  "U": 13535.415999999997,
  "I": 13379.556
}