{
  "P": 19467.300000000032,
  "U": 15990.541000000003,
  "I": 14193.623
}