{
  "P": 19256.80000000003,
  "U": 15590.695000000003,
  "I": 14055.982
}