{
  "P": 18255.900000000005,
  "U": 13633.807999999997,
  "I": 13500.459
}