{
  "P": 18620.900000000005,
  "U": 13923.302999999998,
  "I": 13670.579
}