{
  "P": 19121.80000000002,
  "U": 15214.444000000001,
  "I": 13980.861
}