{
  "P": 18947.600000000013,
  "U": 14404.517999999998,
  "I": 13883.954
}