{
  "P": 18613.000000000004,
  "U": 13920.812999999998,
  "I": 13666.614
}