{
  "P": 19186.500000000025,
  "U": 15403.596000000001,
  "I": 14013.12
}