{
  "P": 18148.900000000005,
  "U": 13545.721999999996,
  "I": 13421.413
}