{
  "P": 18703.000000000015,
  "U": 14093.672999999997,
  "I": 13721.267
}