{
  "P": 18526.300000000003,
  "U": 13774.560999999996,
  "I": 13613.599
}