{
  "P": 18612.500000000004,
  "U": 13914.108999999997,
  "I": 13666.614
}