{
  "P": 18951.600000000013,
  "U": 14435.947999999997,
  "I": 13884.987
}