{
  "P": 18951.500000000015,
  "U": 14435.947999999997,
  "I": 13884.987
}