{
  "P": 18332.100000000002,
  "U": 13705.187999999996,
  "I": 13572.234
}