{
  "P": 19389.00000000003,
  "U": 15888.905000000002,
  "I": 14146.577
}