{
  "P": 19361.80000000003,
  "U": 15874.425000000001,
  "I": 14129.388
}