{
  "P": 19438.50000000003,
  "U": 15957.318000000003,
  "I": 14175.425
}