{
  "P": 19062.60000000002,
  "U": 14908.355000000001,
  "I": 13952.365
}