{
  "P": 18948.300000000014,
  "U": 14410.600999999997,
  "I": 13884.137
}