{
  "P": 18948.300000000014,
  "U": 14406.838999999998,
  "I": 13884.137
}