{
  "P": 19451.30000000003,
  "U": 15971.024000000001,
  "I": 14182.895
}