{
  "P": 19258.600000000028,
  "U": 15595.567000000003,
  "I": 14056.944
}