{
  "P": 18493.300000000003,
  "U": 13709.641999999998,
  "I": 13590.613
}