{
  "P": 18204.700000000004,
  "U": 13574.285999999996,
  "I": 13468.596
}