{
  "P": 18990.00000000002,
  "U": 14567.121999999998,
  "I": 13909.936
}