{
  "P": 19294.80000000003,
  "U": 15837.622000000001,
  "I": 14076.947
}