{
  "P": 18696.100000000013,
  "U": 14091.434999999998,
  "I": 13716.619
}