{
  "P": 19014.40000000002,
  "U": 14627.751999999999,
  "I": 13926.862
}