{
  "P": 19065.30000000002,
  "U": 14914.835000000001,
  "I": 13952.869
}