{
  "P": 18375.600000000002,
  "U": 13702.511999999997,
  "I": 13568.251
}