{
  "P": 19125.000000000022,
  "U": 15217.362000000001,
  "I": 13982.71
}