{
  "P": 18952.000000000015,
  "U": 14443.112999999996,
  "I": 13884.987
}