{
  "P": 19025.40000000002,
  "U": 14730.344000000001,
  "I": 13930.235
}