{
  "P": 18985.600000000017,
  "U": 14566.988999999998,
  "I": 13907.182
}