{
  "P": 18386.300000000003,
  "U": 13702.511999999997,
  "I": 13568.251
}