{
  "P": 19271.20000000003,
  "U": 15615.536000000006,
  "I": 14063.739
}