{
  "P": 18933.800000000014,
  "U": 14357.042999999996,
  "I": 13872.52
}