{
  "P": 19081.500000000022,
  "U": 15020.624000000002,
  "I": 13959.25
}