{
  "P": 18852.00000000001,
  "U": 14314.618999999999,
  "I": 13820.239
}