{
  "P": 19079.40000000002,
  "U": 15011.770000000002,
  "I": 13958.993
}