{
  "P": 19406.90000000003,
  "U": 15929.513000000003,
  "I": 14155.322
}