{
  "P": 19418.20000000003,
  "U": 15938.922000000002,
  "I": 14162.127
}