{
  "P": 19405.00000000003,
  "U": 15909.205000000002,
  "I": 14155.266
}