{
  "P": 18507.300000000003,
  "U": 13713.586999999998,
  "I": 13598.175
}