{
  "P": 18186.000000000004,
  "U": 13574.282999999998,
  "I": 13451.003
}