{
  "P": 18929.500000000015,
  "U": 14355.665999999997,
  "I": 13869.387
}