{
  "P": 18161.600000000002,
  "U": 13551.231999999996,
  "I": 13433.287
}