{
  "P": 18140.000000000004,
  "U": 13544.400999999996,
  "I": 13415.631
}