{
  "P": 18944.900000000012,
  "U": 14396.194999999998,
  "I": 13882.377
}