{
  "P": 18088.800000000003,
  "U": 13529.962999999996,
  "I": 13375.271
}