{
  "P": 19427.20000000003,
  "U": 15946.800000000001,
  "I": 14167.392
}