{
  "P": 18257.400000000005,
  "U": 13658.359999999997,
  "I": 13505.334
}