{
  "P": 19109.400000000023,
  "U": 15196.880000000001,
  "I": 13974.241
}