{
  "P": 19007.600000000017,
  "U": 14613.467999999999,
  "I": 13922.547
}