{
  "P": 18185.500000000004,
  "U": 13573.468999999997,
  "I": 13450.965
}