{
  "P": 18271.800000000007,
  "U": 13639.062999999996,
  "I": 13516.279
}