{
  "P": 18611.100000000002,
  "U": 13912.628999999997,
  "I": 13666.238
}