{
  "P": 19062.60000000002,
  "U": 14912.400000000001,
  "I": 13952.412
}