{
  "P": 18982.100000000017,
  "U": 14532.420999999997,
  "I": 13905.762
}