{
  "P": 18290.400000000005,
  "U": 13639.385999999997,
  "I": 13529.513
}