{
  "P": 18750.900000000012,
  "U": 14183.560999999998,
  "I": 13751.825
}