{
  "P": 19374.00000000003,
  "U": 15885.672000000002,
  "I": 14134.269
}