{
  "P": 18664.80000000001,
  "U": 14025.295999999997,
  "I": 13695.532
}