{
  "P": 18551.700000000004,
  "U": 13799.000999999997,
  "I": 13632.023
}