{
  "P": 18538.500000000004,
  "U": 13792.057999999997,
  "I": 13620.497
}