{
  "P": 19390.600000000028,
  "U": 15892.032000000003,
  "I": 14147.547
}