{
  "P": 19280.90000000003,
  "U": 15825.790000000003,
  "I": 14067.577
}