{
  "P": 19370.00000000003,
  "U": 15876.740000000002,
  "I": 14132.274
}