{
  "P": 19280.50000000003,
  "U": 15822.565000000002,
  "I": 14067.533
}