{
  "P": 18954.500000000015,
  "U": 14457.720999999996,
  "I": 13896.786
}