{
  "P": 19045.80000000002,
  "U": 14818.045000000002,
  "I": 13940.835
}