{
  "P": 19190.80000000003,
  "U": 15404.043000000001,
  "I": 14015.785
}