{
  "P": 19001.300000000017,
  "U": 14612.285999999998,
  "I": 13917.283
}