{
  "P": 19279.40000000003,
  "U": 15803.477000000003,
  "I": 14067.525
}