{
  "P": 19149.500000000022,
  "U": 15285.268000000002,
  "I": 13998.387
}