{
  "P": 18532.600000000002,
  "U": 13790.207999999997,
  "I": 13616.633
}