{
  "P": 18925.700000000015,
  "U": 14353.547999999997,
  "I": 13865.923
}