{
  "P": 19370.00000000003,
  "U": 15879.951000000003,
  "I": 14132.274
}