{
  "P": 19241.200000000026,
  "U": 15517.801000000003,
  "I": 14045.526
}