{
  "P": 19405.10000000003,
  "U": 15910.882000000001,
  "I": 14155.266
}