{
  "P": 18299.300000000003,
  "U": 13649.580999999996,
  "I": 13533.041
}