{
  "P": 19439.50000000003,
  "U": 15961.332000000002,
  "I": 14175.565
}