{
  "P": 18607.300000000003,
  "U": 13900.102999999997,
  "I": 13665.767
}