{
  "P": 19233.200000000026,
  "U": 15507.459000000004,
  "I": 14042.443
}