{
  "P": 19405.70000000003,
  "U": 15921.452000000001,
  "I": 14155.267
}