{
  "P": 18295.400000000005,
  "U": 13647.151999999998,
  "I": 13531.485
}