{
  "P": 18640.90000000001,
  "U": 13955.963999999996,
  "I": 13680.522
}