{
  "P": 19064.40000000002,
  "U": 14914.340000000002,
  "I": 13952.825
}