{
  "P": 18238.100000000006,
  "U": 13583.215999999997,
  "I": 13490.777
}