{
  "P": 18744.100000000013,
  "U": 14183.472999999998,
  "I": 13744.682
}