{
  "P": 18900.100000000013,
  "U": 14351.134999999998,
  "I": 13842.779
}