{
  "P": 19402.00000000003,
  "U": 15902.411000000002,
  "I": 14154.126
}