{
  "P": 19408.20000000003,
  "U": 15934.052000000001,
  "I": 14155.387
}