{
  "P": 19001.300000000017,
  "U": 14606.650999999998,
  "I": 13917.283
}