{
  "P": 19229.600000000028,
  "U": 15445.935000000003,
  "I": 14039.409
}