{
  "P": 18236.100000000002,
  "U": 13578.665999999997,
  "I": 13489.514
}