{
  "P": 18634.400000000005,
  "U": 13936.117999999997,
  "I": 13678.716
}