{
  "P": 19371.20000000003,
  "U": 15881.108000000002,
  "I": 14133.132
}