{
  "P": 18743.900000000012,
  "U": 14180.895999999997,
  "I": 13744.677
}