{
  "P": 18912.20000000001,
  "U": 14351.460999999998,
  "I": 13851.924
}