{
  "P": 19230.500000000025,
  "U": 15451.875000000004,
  "I": 14039.519
}