{
  "P": 18559.700000000004,
  "U": 13799.311999999998,
  "I": 13638.928
}