{
  "P": 18294.900000000005,
  "U": 13645.788999999997,
  "I": 13531.407
}