{
  "P": 19468.000000000033,
  "U": 15990.541000000003,
  "I": 14193.623
}