{
  "P": 19062.60000000002,
  "U": 14836.811000000002,
  "I": 13952.365
}