{
  "P": 18968.300000000017,
  "U": 14458.664999999995,
  "I": 13897.902
}