{
  "P": 19079.90000000002,
  "U": 15012.014000000001,
  "I": 13959.005
}