{
  "P": 18972.800000000017,
  "U": 14523.042999999996,
  "I": 13898.936
}