{
  "P": 18696.100000000013,
  "U": 14096.003999999997,
  "I": 13721.479
}