{
  "P": 18768.50000000001,
  "U": 14198.621999999998,
  "I": 13760.914
}