{
  "P": 18140.000000000004,
  "U": 13542.301999999996,
  "I": 13415.631
}