{
  "P": 18612.700000000004,
  "U": 13950.772999999997,
  "I": 13667.467
}