{
  "P": 18640.90000000001,
  "U": 13951.450999999995,
  "I": 13680.522
}