{
  "P": 18950.300000000014,
  "U": 14432.935999999998,
  "I": 13884.827
}