{
  "P": 19003.50000000002,
  "U": 14613.467999999999,
  "I": 13920.231
}