{
  "P": 19271.20000000003,
  "U": 15619.275000000005,
  "I": 14063.739
}