{
  "P": 18090.000000000004,
  "U": 13541.433999999997,
  "I": 13388.041
}