{
  "P": 19034.10000000002,
  "U": 14747.951000000001,
  "I": 13934.059
}