{
  "P": 18598.100000000002,
  "U": 13877.074999999997,
  "I": 13660.475
}