{
  "P": 18688.70000000001,
  "U": 14084.335999999996,
  "I": 13711.759
}