{
  "P": 18760.100000000013,
  "U": 14186.891999999998,
  "I": 13756.325
}