{
  "P": 19275.60000000003,
  "U": 15796.219000000003,
  "I": 14065.336
}