{
  "P": 19415.60000000003,
  "U": 15938.142000000002,
  "I": 14160.461
}