{
  "P": 18526.200000000004,
  "U": 13722.244999999997,
  "I": 13613.599
}