{
  "P": 19231.000000000025,
  "U": 15453.552000000003,
  "I": 14039.524
}