{
  "P": 19250.600000000028,
  "U": 15587.036000000004,
  "I": 14052.031
}