{
  "P": 19467.300000000032,
  "U": 15987.510000000002,
  "I": 14193.623
}