{
  "P": 18090.000000000004,
  "U": 13534.193999999998,
  "I": 13375.297
}