{
  "P": 18997.900000000016,
  "U": 14567.241999999998,
  "I": 13916.747
}