{
  "P": 18951.800000000014,
  "U": 14442.751999999997,
  "I": 13884.987
}