{
  "P": 22433.600000000053,
  "U": 16008.698000000002,
  "I": 14211.575
}