{
  "P": 19038.60000000002,
  "U": 14753.800000000001,
  "I": 13937.417
}