{
  "P": 18636.000000000007,
  "U": 13939.110999999995,
  "I": 13679.151
}