{
  "P": 19425.300000000032,
  "U": 15946.785000000002,
  "I": 14166.642
}