{
  "P": 19427.20000000003,
  "U": 15947.165000000003,
  "I": 14167.392
}