{
  "P": 18249.700000000004,
  "U": 13586.353999999998,
  "I": 13496.313
}