{
  "P": 18974.300000000017,
  "U": 14530.228999999996,
  "I": 13899.031
}