{
  "P": 19433.40000000003,
  "U": 15957.305000000002,
  "I": 14170.844
}