{
  "P": 18950.300000000014,
  "U": 14431.772999999997,
  "I": 13884.827
}