{
  "P": 18654.90000000001,
  "U": 14001.961999999996,
  "I": 13689.804
}