{
  "P": 18705.400000000016,
  "U": 14099.690999999997,
  "I": 13721.868
}