{
  "P": 19108.900000000023,
  "U": 15147.044000000002,
  "I": 13974.058
}