{
  "P": 19294.700000000026,
  "U": 15834.602000000003,
  "I": 14076.947
}