{
  "P": 18999.300000000017,
  "U": 14570.274999999998,
  "I": 13916.881
}