{
  "P": 18642.80000000001,
  "U": 13993.247999999996,
  "I": 13681.399
}