{
  "P": 19370.00000000003,
  "U": 15879.847000000002,
  "I": 14132.274
}