{
  "P": 18900.100000000013,
  "U": 14351.460999999998,
  "I": 13842.903
}