{
  "P": 19154.600000000024,
  "U": 15287.777000000002,
  "I": 13998.39
}