{
  "P": 18632.900000000005,
  "U": 13935.773999999996,
  "I": 13677.486
}