{
  "P": 21492.400000000045,
  "U": 16008.698000000002,
  "I": 14211.575
}