{
  "P": 18622.700000000004,
  "U": 13929.542999999996,
  "I": 13671.796
}