{
  "P": 18623.300000000003,
  "U": 13929.542999999996,
  "I": 13671.933
}