{
  "P": 18569.600000000002,
  "U": 13803.415999999997,
  "I": 13644.67
}