{
  "P": 18954.500000000015,
  "U": 14450.659999999996,
  "I": 13885.678
}