{
  "P": 18835.700000000008,
  "U": 14311.492999999999,
  "I": 13810.266
}